{"type":"FeatureCollection","name":"RMSP_Municipios","features":[{"type":"Feature","properties":{"CD_MUN":"3518305","NM_MUN":"Guararema"},"geometry":{"type":"MultiPolygon","coordinates":[[[[-45.9689,-23.5009],[-45.9752,-23.5035],[-45.9777,-23.5066],[-45.9777,-23.5095],[-45.9841,-23.518],[-45.9859,-23.5173],[-45.9951,-23.521],[-45.9984,-23.5192],[-46.0056,-23.5253],[-46.0065,-23.528],[-46.0126,-23.5279],[-46.0147,-23.5298],[-46.0181,-23.5288],[-46.0229,-23.5313],[-46.0246,-23.5297],[-46.0263,-23.5303],[-46.0283,-23.5268],[-46.0342,-23.5254],[-46.0361,-23.5283],[-46.0357,-23.5322],[-46.0411,-23.5383],[-46.0511,-23.539],[-46.0566,-23.5422],[-46.0713,-23.5373],[-46.0761,-23.5338],[-46.0758,-23.5281],[-46.0714,-23.523],[-46.0747,-23.5213],[-46.0753,-23.5182],[-46.0776,-23.5169],[-46.0781,-23.5117],[-46.0752,-23.5095],[-46.0717,-23.5121],[-46.0701,-23.5091],[-46.0663,-23.5074],[-46.0638,-23.4929],[-46.0511,-23.4888],[-46.0532,-23.485],[-46.0519,-23.4822],[-46.0544,-23.4795],[-46.0538,-23.4735],[-46.0591,-23.465],[-46.0741,-23.4523],[-46.0779,-23.451],[-46.0837,-23.4527],[-46.0899,-23.4518],[-46.0999,-23.4556],[-46.1026,-23.454],[-46.1056,-23.4554],[-46.1066,-23.4482],[-46.1118,-23.4458],[-46.1143,-23.4384],[-46.1216,-23.4354],[-46.1279,-23.4358],[-46.1313,-23.4381],[-46.1341,-23.437],[-46.1397,-23.4404],[-46.1552,-23.4264],[-46.1538,-23.4236],[-46.1421,-23.4151],[-46.1427,-23.411],[-46.1476,-23.4079],[-46.1481,-23.4019],[-46.1548,-23.394],[-46.1588,-23.392],[-46.1605,-23.3883],[-46.1578,-23.3824],[-46.1587,-23.3798],[-46.1563,-23.3714],[-46.1529,-23.3675],[-46.156,-23.363],[-46.1549,-23.36],[-46.1578,-23.3423],[-46.1402,-23.3284],[-46.1394,-23.3292],[-46.1341,-23.3264],[-46.1332,-23.3237],[-46.1246,-23.3207],[-46.1149,-23.3136],[-46.1127,-23.3097],[-46.1054,-23.311],[-46.1015,-23.3086],[-46.0986,-23.3092],[-46.099,-23.326],[-46.08,-23.3415],[-46.0737,-23.3422],[-46.068,-23.3488],[-46.0678,-23.355],[-46.0635,-23.3588],[-46.0606,-23.3578],[-46.0561,-23.366],[-46.0514,-23.3686],[-46.0479,-23.3762],[-46.0384,-23.387],[-46.0362,-23.3882],[-46.0346,-23.3872],[-46.0295,-23.3918],[-46.0263,-23.3921],[-46.0222,-23.3876],[-46.0182,-23.3882],[-46.0157,-23.3912],[-46.0137,-23.3875],[-46.0109,-23.3871],[-46.0105,-23.3843],[-46.0065,-23.3837],[-46.0025,-23.3853],[-45.9983,-23.3914],[-45.9971,-23.4021],[-45.9946,-23.4058],[-45.9912,-23.4175],[-45.9839,-23.4205],[-45.9797,-23.4184],[-45.9784,-23.4259],[-45.9765,-23.4285],[-45.9697,-23.4265],[-45.9664,-23.428],[-45.9653,-23.4334],[-45.9519,-23.4514],[-45.9528,-23.4566],[-45.9575,-23.4652],[-45.9569,-23.4686],[-45.96,-23.4682],[-45.9624,-23.4724],[-45.9685,-23.4761],[-45.9616,-23.4814],[-45.9572,-23.4881],[-45.9557,-23.4935],[-45.9679,-23.5004],[-45.9689,-23.5009]]]]}},{"type":"Feature","properties":{"CD_MUN":"3550308","NM_MUN":"São Paulo"},"geometry":{"type":"MultiPolygon","coordinates":[[[[-46.7738,-24.0019],[-46.7679,-23.9988],[-46.7694,-23.9963],[-46.7664,-23.9947],[-46.7659,-23.9909],[-46.7638,-23.9899],[-46.7646,-23.9886],[-46.762,-23.9881],[-46.761,-23.9837],[-46.7584,-23.9814],[-46.7589,-23.9783],[-46.7548,-23.9755],[-46.7547,-23.9728],[-46.7597,-23.9735],[-46.7604,-23.9698],[-46.7634,-23.9676],[-46.7625,-23.9638],[-46.7668,-23.9608],[-46.7688,-23.9624],[-46.7695,-23.9608],[-46.7709,-23.9617],[-46.7731,-23.96],[-46.7754,-23.9562],[-46.7738,-23.9506],[-46.7809,-23.9495],[-46.7862,-23.9419],[-46.7894,-23.941],[-46.7932,-23.9437],[-46.7959,-23.9401],[-46.8011,-23.94],[-46.8027,-23.9384],[-46.8061,-23.9396],[-46.811,-23.9201],[-46.8099,-23.9177],[-46.8116,-23.9172],[-46.8117,-23.9079],[-46.8067,-23.9012],[-46.8042,-23.893],[-46.8073,-23.8903],[-46.8074,-23.8866],[-46.8023,-23.888],[-46.7998,-23.8938],[-46.7875,-23.8948],[-46.7768,-23.8932],[-46.7761,-23.8557],[-46.7788,-23.8527],[-46.7803,-23.8407],[-46.7738,-23.8438],[-46.7674,-23.8434],[-46.7642,-23.8423],[-46.7625,-23.8362],[-46.7634,-23.8343],[-46.7656,-23.8343],[-46.7628,-23.8272],[-46.774,-23.8176],[-46.7894,-23.8114],[-46.7965,-23.8113],[-46.802,-23.8072],[-46.8006,-23.8017],[-46.7962,-23.7993],[-46.7945,-23.7939],[-46.7897,-23.7896],[-46.789,-23.7868],[-46.7911,-23.7806],[-46.7888,-23.7748],[-46.7807,-23.7705],[-46.777,-23.7664],[-46.772,-23.7651],[-46.769,-23.7593],[-46.7704,-23.7529],[-46.7726,-23.7519],[-46.7762,-23.753],[-46.777,-23.7507],[-46.7799,-23.7497],[-46.7818,-23.7508],[-46.7906,-23.7439],[-46.79,-23.7411],[-46.7961,-23.7387],[-46.7956,-23.7359],[-46.7986,-23.7295],[-46.7949,-23.7267],[-46.7917,-23.7188],[-46.7931,-23.7102],[-46.7916,-23.7018],[-46.801,-23.6979],[-46.797,-23.6951],[-46.8014,-23.6861],[-46.8,-23.6782],[-46.7954,-23.67],[-46.7944,-23.6595],[-46.7918,-23.6516],[-46.7927,-23.6472],[-46.785,-23.6384],[-46.7774,-23.6351],[-46.7764,-23.6307],[-46.7693,-23.6273],[-46.7581,-23.6128],[-46.7524,-23.6105],[-46.752,-23.6069],[-46.7491,-23.6044],[-46.7515,-23.6019],[-46.7581,-23.5995],[-46.7607,-23.5949],[-46.7682,-23.6003],[-46.7734,-23.6],[-46.7755,-23.6032],[-46.7837,-23.6033],[-46.7891,-23.6063],[-46.7928,-23.6052],[-46.7946,-23.6064],[-46.7983,-23.6047],[-46.7996,-23.6077],[-46.8069,-23.6095],[-46.8081,-23.6092],[-46.8075,-23.6049],[-46.8091,-23.6025],[-46.8075,-23.6019],[-46.8091,-23.5997],[-46.8056,-23.5896],[-46.8075,-23.5858],[-46.8067,-23.5839],[-46.7947,-23.5822],[-46.7913,-23.5779],[-46.7875,-23.5774],[-46.786,-23.5745],[-46.7818,-23.5747],[-46.7797,-23.5707],[-46.773,-23.5699],[-46.7719,-23.5654],[-46.7689,-23.5626],[-46.7651,-23.5632],[-46.7595,-23.5531],[-46.7604,-23.5297],[-46.7562,-23.5247],[-46.7494,-23.5248],[-46.7471,-23.5204],[-46.7531,-23.5198],[-46.753,-23.5172],[-46.7578,-23.5159],[-46.758,-23.5131],[-46.7621,-23.5101],[-46.7611,-23.5095],[-46.7641,-23.5064],[-46.7616,-23.5017],[-46.7575,-23.4998],[-46.7555,-23.4961],[-46.7593,-23.4933],[-46.7663,-23.4913],[-46.7702,-23.4837],[-46.7694,-23.4746],[-46.7749,-23.4719],[-46.7756,-23.4663],[-46.7699,-23.4577],[-46.7769,-23.4653],[-46.7803,-23.4652],[-46.7814,-23.4637],[-46.7834,-23.4659],[-46.7864,-23.466],[-46.7919,-23.4617],[-46.7956,-23.4629],[-46.7969,-23.4697],[-46.7987,-23.4706],[-46.8054,-23.4627],[-46.8061,-23.4551],[-46.8087,-23.4518],[-46.8096,-23.4429],[-46.8118,-23.4403],[-46.812,-23.4366],[-46.8229,-23.4253],[-46.8232,-23.4221],[-46.8197,-23.418],[-46.8223,-23.4121],[-46.8263,-23.4089],[-46.8245,-23.4074],[-46.824,-23.4022],[-46.8229,-23.401],[-46.8208,-23.402],[-46.8181,-23.3994],[-46.8079,-23.3995],[-46.8078,-23.3979],[-46.803,-23.3967],[-46.8044,-23.3955],[-46.8027,-23.3948],[-46.7988,-23.3992],[-46.8007,-23.4014],[-46.7996,-23.4028],[-46.7966,-23.4028],[-46.7974,-23.4016],[-46.7926,-23.3998],[-46.7921,-23.4024],[-46.7885,-23.4027],[-46.7894,-23.4037],[-46.786,-23.405],[-46.7826,-23.4035],[-46.7835,-23.3987],[-46.7764,-23.3989],[-46.7774,-23.3977],[-46.7756,-23.3968],[-46.771,-23.3975],[-46.7702,-23.3886],[-46.7679,-23.3893],[-46.7677,-23.387],[-46.7643,-23.3849],[-46.7645,-23.3862],[-46.7616,-23.3871],[-46.7602,-23.386],[-46.7544,-23.3874],[-46.7542,-23.3896],[-46.7521,-23.3903],[-46.7356,-23.3881],[-46.7294,-23.3943],[-46.7216,-23.3962],[-46.7198,-23.3987],[-46.7201,-23.403],[-46.7175,-23.4068],[-46.7104,-23.4066],[-46.7091,-23.4157],[-46.7019,-23.4173],[-46.6991,-23.424],[-46.6921,-23.4233],[-46.6867,-23.4268],[-46.6846,-23.4222],[-46.6856,-23.42],[-46.677,-23.4152],[-46.6723,-23.4192],[-46.6699,-23.4182],[-46.668,-23.4193],[-46.6636,-23.4246],[-46.6589,-23.4266],[-46.6561,-23.4307],[-46.6512,-23.4285],[-46.6466,-23.4291],[-46.6395,-23.4273],[-46.6328,-23.4286],[-46.6264,-23.4227],[-46.6217,-23.4224],[-46.623,-23.4166],[-46.6203,-23.4171],[-46.6198,-23.419],[-46.6121,-23.4173],[-46.6144,-23.4122],[-46.611,-23.4105],[-46.613,-23.4046],[-46.6103,-23.4044],[-46.6055,-23.3971],[-46.5993,-23.3953],[-46.5984,-23.3923],[-46.6009,-23.3888],[-46.5915,-23.384],[-46.5884,-23.3802],[-46.5858,-23.3807],[-46.5809,-23.3767],[-46.5804,-23.3734],[-46.569,-23.3756],[-46.5658,-23.3712],[-46.5557,-23.3641],[-46.5523,-23.3578],[-46.5451,-23.3575],[-46.5363,-23.3636],[-46.5373,-23.3694],[-46.5451,-23.3762],[-46.5455,-23.3868],[-46.5591,-23.3994],[-46.5556,-23.4028],[-46.5555,-23.4067],[-46.5577,-23.4108],[-46.5621,-23.4119],[-46.5666,-23.4153],[-46.5656,-23.4269],[-46.5685,-23.4323],[-46.5648,-23.436],[-46.5685,-23.4516],[-46.5704,-23.4537],[-46.5705,-23.4589],[-46.5617,-23.4728],[-46.56,-23.4938],[-46.5622,-23.4996],[-46.5587,-23.5076],[-46.5555,-23.51],[-46.5532,-23.5077],[-46.5457,-23.5057],[-46.534,-23.4935],[-46.5283,-23.491],[-46.5224,-23.4846],[-46.5109,-23.4789],[-46.4937,-23.4765],[-46.4825,-23.4769],[-46.461,-23.4831],[-46.4414,-23.4793],[-46.4374,-23.4798],[-46.4349,-23.4783],[-46.4361,-23.4757],[-46.431,-23.478],[-46.4317,-23.4764],[-46.4299,-23.4762],[-46.4301,-23.4737],[-46.4271,-23.472],[-46.4191,-23.4744],[-46.4171,-23.4724],[-46.4149,-23.4743],[-46.4153,-23.4727],[-46.4121,-23.4704],[-46.4077,-23.4723],[-46.4101,-23.475],[-46.407,-23.4777],[-46.4053,-23.4762],[-46.4044,-23.4781],[-46.4057,-23.4791],[-46.404,-23.481],[-46.4061,-23.4817],[-46.4066,-23.4852],[-46.4054,-23.4862],[-46.4033,-23.485],[-46.4013,-23.487],[-46.3995,-23.483],[-46.397,-23.4844],[-46.3919,-23.4806],[-46.3877,-23.4819],[-46.3863,-23.4796],[-46.3867,-23.4746],[-46.3837,-23.4756],[-46.3843,-23.474],[-46.3818,-23.4721],[-46.3774,-23.4842],[-46.3651,-23.5037],[-46.3664,-23.5122],[-46.3737,-23.5116],[-46.3754,-23.5127],[-46.3749,-23.5156],[-46.3805,-23.5165],[-46.3866,-23.5216],[-46.3862,-23.5233],[-46.3838,-23.524],[-46.3916,-23.5302],[-46.3946,-23.5296],[-46.3956,-23.5308],[-46.3933,-23.5386],[-46.3879,-23.5464],[-46.3919,-23.5494],[-46.3951,-23.549],[-46.3924,-23.5543],[-46.3926,-23.5573],[-46.3889,-23.5613],[-46.3837,-23.5631],[-46.3787,-23.5619],[-46.3838,-23.5703],[-46.383,-23.5723],[-46.3782,-23.5749],[-46.3793,-23.5768],[-46.3838,-23.5784],[-46.3773,-23.5896],[-46.3803,-23.5885],[-46.3825,-23.5915],[-46.3843,-23.6006],[-46.397,-23.6035],[-46.3993,-23.6064],[-46.396,-23.6091],[-46.3948,-23.6124],[-46.3979,-23.6161],[-46.398,-23.6189],[-46.403,-23.6235],[-46.4064,-23.6232],[-46.4081,-23.627],[-46.4069,-23.6317],[-46.4208,-23.6412],[-46.4227,-23.6446],[-46.4244,-23.6438],[-46.4244,-23.6402],[-46.4297,-23.6364],[-46.4317,-23.6376],[-46.431,-23.6405],[-46.4326,-23.6417],[-46.4399,-23.6418],[-46.4431,-23.644],[-46.4467,-23.6441],[-46.4542,-23.6409],[-46.4583,-23.6419],[-46.4648,-23.6385],[-46.4723,-23.6389],[-46.4755,-23.6338],[-46.4773,-23.626],[-46.4823,-23.6237],[-46.4866,-23.6228],[-46.4931,-23.6254],[-46.5,-23.6238],[-46.5063,-23.6258],[-46.5099,-23.6238],[-46.5133,-23.6189],[-46.5171,-23.6179],[-46.5216,-23.6139],[-46.5343,-23.6144],[-46.5467,-23.6057],[-46.5505,-23.6059],[-46.5543,-23.6107],[-46.5574,-23.6121],[-46.575,-23.6009],[-46.5796,-23.5992],[-46.5807,-23.6001],[-46.5793,-23.6047],[-46.5831,-23.6258],[-46.5814,-23.629],[-46.585,-23.6349],[-46.5834,-23.6412],[-46.5846,-23.6452],[-46.5966,-23.6529],[-46.614,-23.6602],[-46.6172,-23.6575],[-46.6233,-23.6613],[-46.6259,-23.6595],[-46.627,-23.6689],[-46.6309,-23.6731],[-46.6303,-23.6795],[-46.633,-23.6817],[-46.6334,-23.687],[-46.6356,-23.691],[-46.6327,-23.6915],[-46.6318,-23.6965],[-46.629,-23.6979],[-46.6293,-23.6995],[-46.6267,-23.7023],[-46.6242,-23.7019],[-46.6246,-23.7055],[-46.6172,-23.7083],[-46.6168,-23.7109],[-46.6227,-23.716],[-46.6278,-23.7162],[-46.637,-23.7259],[-46.648,-23.7299],[-46.6542,-23.7305],[-46.6476,-23.7415],[-46.6462,-23.7555],[-46.6215,-23.7846],[-46.6238,-23.8141],[-46.6282,-23.8229],[-46.635,-23.8314],[-46.6324,-23.8514],[-46.6164,-23.8617],[-46.6172,-23.8703],[-46.6154,-23.8766],[-46.6171,-23.8789],[-46.6174,-23.8882],[-46.614,-23.9039],[-46.6112,-23.9079],[-46.6124,-23.9089],[-46.6117,-23.9134],[-46.608,-23.9156],[-46.6099,-23.9189],[-46.6088,-23.9229],[-46.6105,-23.9242],[-46.6093,-23.9272],[-46.6113,-23.9275],[-46.6113,-23.9293],[-46.6138,-23.9311],[-46.6163,-23.9306],[-46.615,-23.9365],[-46.6125,-23.9378],[-46.6082,-23.9369],[-46.607,-23.9387],[-46.6085,-23.9415],[-46.6068,-23.9445],[-46.6074,-23.9481],[-46.6109,-23.9503],[-46.6071,-23.9536],[-46.6063,-23.9564],[-46.6091,-23.9599],[-46.6081,-23.9633],[-46.6116,-23.9665],[-46.6117,-23.9695],[-46.6143,-23.9671],[-46.6178,-23.9673],[-46.6207,-23.9709],[-46.6292,-23.9733],[-46.6355,-23.9772],[-46.6332,-23.9877],[-46.6292,-23.9907],[-46.6335,-23.9923],[-46.635,-23.9946],[-46.6379,-23.9942],[-46.6405,-23.9978],[-46.6502,-24.0015],[-46.6618,-23.9882],[-46.6749,-23.9894],[-46.6768,-23.9881],[-46.6805,-23.9895],[-46.6843,-23.9881],[-46.686,-23.9844],[-46.6912,-23.9849],[-46.6929,-23.9835],[-46.6936,-23.9863],[-46.6975,-23.9902],[-46.7037,-23.9916],[-46.7067,-23.99],[-46.7108,-23.9955],[-46.7156,-23.9942],[-46.7187,-23.9956],[-46.7225,-23.9925],[-46.7321,-23.996],[-46.7367,-23.9941],[-46.7382,-23.9918],[-46.7422,-23.9916],[-46.7447,-23.9938],[-46.749,-23.994],[-46.7513,-23.9988],[-46.7542,-23.9997],[-46.7555,-24.0021],[-46.7586,-24.0016],[-46.762,-24.0042],[-46.7664,-24.0042],[-46.7693,-24.0082],[-46.7743,-24.0046],[-46.7738,-24.0022],[-46.7738,-24.0019]]]]}},{"type":"Feature","properties":{"CD_MUN":"3534401","NM_MUN":"Osasco"},"geometry":{"type":"MultiPolygon","coordinates":[[[[-46.8056,-23.5895],[-46.809,-23.5987],[-46.8075,-23.6019],[-46.8091,-23.6025],[-46.8075,-23.6049],[-46.8081,-23.6092],[-46.8104,-23.6049],[-46.8157,-23.6033],[-46.818,-23.6002],[-46.8133,-23.5935],[-46.8132,-23.5889],[-46.8167,-23.5881],[-46.8166,-23.583],[-46.818,-23.5809],[-46.8156,-23.5766],[-46.8144,-23.5694],[-46.818,-23.5659],[-46.8178,-23.5622],[-46.8206,-23.5589],[-46.82,-23.554],[-46.8218,-23.5485],[-46.8207,-23.5436],[-46.8173,-23.54],[-46.8166,-23.517],[-46.8085,-23.51],[-46.8084,-23.5066],[-46.8123,-23.5017],[-46.8124,-23.499],[-46.8073,-23.494],[-46.8044,-23.4859],[-46.8004,-23.4846],[-46.8029,-23.4793],[-46.7989,-23.4773],[-46.7998,-23.4722],[-46.7969,-23.4697],[-46.7956,-23.4629],[-46.7919,-23.4617],[-46.7864,-23.466],[-46.7834,-23.4659],[-46.7814,-23.4637],[-46.7803,-23.4652],[-46.7769,-23.4653],[-46.7699,-23.4577],[-46.7756,-23.4663],[-46.7749,-23.4719],[-46.7694,-23.4746],[-46.7702,-23.4837],[-46.7663,-23.4913],[-46.7593,-23.4933],[-46.7555,-23.4961],[-46.7575,-23.4998],[-46.7616,-23.5017],[-46.7641,-23.5064],[-46.7611,-23.5095],[-46.7621,-23.5101],[-46.758,-23.5131],[-46.7578,-23.5159],[-46.753,-23.5172],[-46.7531,-23.5198],[-46.7471,-23.5204],[-46.7494,-23.5248],[-46.7562,-23.5247],[-46.7604,-23.5297],[-46.7595,-23.5531],[-46.7651,-23.5632],[-46.7689,-23.5626],[-46.7719,-23.5654],[-46.773,-23.5699],[-46.7797,-23.5707],[-46.7818,-23.5747],[-46.786,-23.5745],[-46.7875,-23.5774],[-46.7907,-23.5775],[-46.7947,-23.5822],[-46.8067,-23.5839],[-46.8075,-23.5858],[-46.8057,-23.5894],[-46.8056,-23.5895]]]]}},{"type":"Feature","properties":{"CD_MUN":"3526209","NM_MUN":"Juquitiba"},"geometry":{"type":"MultiPolygon","coordinates":[[[[-46.9981,-24.0522],[-47.0029,-24.0571],[-47.0067,-24.0641],[-47.0165,-24.0569],[-47.0197,-24.0583],[-47.0212,-24.0555],[-47.0272,-24.0516],[-47.0267,-24.043],[-47.0299,-24.0422],[-47.0343,-24.0308],[-47.0396,-24.028],[-47.0407,-24.0243],[-47.0462,-24.0256],[-47.0463,-24.0182],[-47.0539,-24.0108],[-47.0575,-24.0102],[-47.0617,-24.0167],[-47.0648,-24.0183],[-47.0644,-24.0227],[-47.0676,-24.0252],[-47.0743,-24.0239],[-47.0884,-24.0174],[-47.0919,-24.0175],[-47.0926,-24.0098],[-47.0945,-24.0099],[-47.0958,-24.0065],[-47.0993,-24.0058],[-47.0998,-24.0002],[-47.0984,-23.9983],[-47.104,-23.997],[-47.1071,-23.9938],[-47.1184,-23.9979],[-47.1234,-23.9968],[-47.1247,-23.998],[-47.1225,-24.0007],[-47.1224,-24.0079],[-47.1306,-24.0092],[-47.1378,-24.0141],[-47.1398,-24.0141],[-47.1424,-24.0114],[-47.1504,-24.0107],[-47.1528,-24.0065],[-47.1575,-24.0064],[-47.162,-24.0031],[-47.1692,-24.0021],[-47.1717,-24.0036],[-47.1781,-24.0034],[-47.1825,-24.0008],[-47.1875,-24.0026],[-47.1902,-23.9991],[-47.1935,-23.998],[-47.1968,-24.0013],[-47.2,-24.0006],[-47.2007,-23.9986],[-47.1968,-23.996],[-47.195,-23.9923],[-47.19,-23.9919],[-47.1887,-23.9904],[-47.1946,-23.9821],[-47.1937,-23.975],[-47.1968,-23.976],[-47.1978,-23.9729],[-47.2011,-23.9734],[-47.1997,-23.9697],[-47.2008,-23.9689],[-47.2047,-23.9714],[-47.2059,-23.9662],[-47.2085,-23.9649],[-47.2032,-23.9594],[-47.1956,-23.9582],[-47.1937,-23.9534],[-47.197,-23.9534],[-47.1987,-23.9486],[-47.2009,-23.9491],[-47.2004,-23.9392],[-47.1984,-23.9389],[-47.1943,-23.942],[-47.189,-23.9396],[-47.1893,-23.9347],[-47.1917,-23.9336],[-47.1913,-23.9281],[-47.188,-23.9311],[-47.1827,-23.9303],[-47.18,-23.9372],[-47.178,-23.9363],[-47.1787,-23.9331],[-47.1757,-23.9318],[-47.1719,-23.9344],[-47.1627,-23.9341],[-47.16,-23.9356],[-47.1579,-23.9261],[-47.1558,-23.9237],[-47.1562,-23.9213],[-47.1506,-23.9184],[-47.1467,-23.913],[-47.1427,-23.9118],[-47.1427,-23.9087],[-47.1385,-23.9049],[-47.1382,-23.9031],[-47.1443,-23.9014],[-47.1391,-23.8999],[-47.1349,-23.8944],[-47.1353,-23.8912],[-47.1377,-23.891],[-47.1366,-23.8898],[-47.1397,-23.8899],[-47.1369,-23.8884],[-47.1369,-23.8857],[-47.1335,-23.8835],[-47.1325,-23.8844],[-47.1347,-23.8818],[-47.1332,-23.8792],[-47.1296,-23.8788],[-47.1273,-23.8766],[-47.1266,-23.8745],[-47.1293,-23.8751],[-47.1331,-23.8733],[-47.1319,-23.8726],[-47.1324,-23.8697],[-47.13,-23.8693],[-47.1297,-23.8611],[-47.1254,-23.8606],[-47.1251,-23.8579],[-47.1229,-23.8567],[-47.1235,-23.8531],[-47.1181,-23.8498],[-47.1164,-23.8404],[-47.1149,-23.8402],[-47.113,-23.8434],[-47.1103,-23.8424],[-47.1075,-23.8483],[-47.103,-23.8488],[-47.1019,-23.8472],[-47.0956,-23.8458],[-47.094,-23.8472],[-47.089,-23.847],[-47.0726,-23.8419],[-47.0659,-23.8435],[-47.066,-23.838],[-47.0596,-23.843],[-47.0567,-23.8416],[-47.0553,-23.844],[-47.0511,-23.8442],[-47.0474,-23.8409],[-47.044,-23.8397],[-47.0432,-23.8407],[-47.0445,-23.8373],[-47.0408,-23.838],[-47.0424,-23.8361],[-47.0377,-23.8354],[-47.0352,-23.8377],[-47.0358,-23.8405],[-47.0298,-23.8449],[-47.0284,-23.8481],[-47.0256,-23.8484],[-47.0152,-23.8582],[-47.0115,-23.8582],[-47.0112,-23.8613],[-47.006,-23.867],[-47.0022,-23.8671],[-47.002,-23.8701],[-46.9967,-23.873],[-46.9943,-23.8835],[-46.991,-23.8849],[-46.9884,-23.8892],[-46.9921,-23.894],[-46.9882,-23.893],[-46.9876,-23.8948],[-46.9858,-23.8938],[-46.983,-23.895],[-46.9829,-23.8935],[-46.9809,-23.8931],[-46.9813,-23.8914],[-46.9744,-23.8871],[-46.968,-23.8927],[-46.9636,-23.8934],[-46.9619,-23.9002],[-46.9563,-23.9004],[-46.9542,-23.9069],[-46.9555,-23.9086],[-46.9511,-23.9112],[-46.9511,-23.9216],[-46.9464,-23.9293],[-46.9436,-23.9311],[-46.9397,-23.9289],[-46.9374,-23.9294],[-46.9339,-23.9334],[-46.9251,-23.9367],[-46.9213,-23.9367],[-46.919,-23.9336],[-46.9157,-23.9384],[-46.9131,-23.937],[-46.9122,-23.9344],[-46.9098,-23.9365],[-46.9076,-23.936],[-46.9038,-23.9419],[-46.9034,-23.94],[-46.8993,-23.9406],[-46.8983,-23.9387],[-46.8934,-23.9381],[-46.8901,-23.9332],[-46.8867,-23.9339],[-46.8846,-23.9309],[-46.8791,-23.9282],[-46.8732,-23.9301],[-46.8722,-23.9355],[-46.8699,-23.936],[-46.8638,-23.9335],[-46.8624,-23.936],[-46.8597,-23.9355],[-46.8584,-23.9388],[-46.8561,-23.9381],[-46.8544,-23.9397],[-46.8537,-23.9379],[-46.8499,-23.9385],[-46.8491,-23.9362],[-46.8446,-23.935],[-46.8426,-23.938],[-46.8403,-23.9347],[-46.838,-23.9358],[-46.8365,-23.9341],[-46.8328,-23.9342],[-46.8278,-23.9316],[-46.8248,-23.928],[-46.8235,-23.9292],[-46.8201,-23.9275],[-46.8186,-23.9243],[-46.8129,-23.9196],[-46.8109,-23.9203],[-46.8061,-23.9396],[-46.8111,-23.9406],[-46.8152,-23.944],[-46.8205,-23.942],[-46.8227,-23.9448],[-46.8301,-23.9473],[-46.8284,-23.9487],[-46.8292,-23.9508],[-46.8244,-23.9533],[-46.8238,-23.9571],[-46.8354,-23.9564],[-46.8397,-23.9586],[-46.8405,-23.9625],[-46.8447,-23.9641],[-46.8464,-23.9629],[-46.8546,-23.973],[-46.8567,-23.971],[-46.8584,-23.9739],[-46.8628,-23.974],[-46.8682,-23.9801],[-46.8745,-23.9781],[-46.8801,-23.984],[-46.8827,-23.9848],[-46.8816,-23.989],[-46.883,-23.9897],[-46.8805,-23.9951],[-46.8789,-23.995],[-46.8759,-23.9994],[-46.876,-24.0035],[-46.8737,-24.0041],[-46.8718,-24.0021],[-46.8698,-24.0034],[-46.8697,-24.0081],[-46.8682,-24.0099],[-46.8696,-24.0149],[-46.8719,-24.0162],[-46.8677,-24.017],[-46.8676,-24.0199],[-46.8681,-24.0211],[-46.8714,-24.0207],[-46.8709,-24.023],[-46.8767,-24.0248],[-46.8814,-24.023],[-46.8841,-24.0299],[-46.8905,-24.0305],[-46.8933,-24.0344],[-46.8921,-24.0366],[-46.8876,-24.0358],[-46.8886,-24.0381],[-46.8931,-24.0401],[-46.8955,-24.0392],[-46.8998,-24.0441],[-46.9034,-24.0456],[-46.9079,-24.0453],[-46.9087,-24.0425],[-46.9109,-24.0419],[-46.9104,-24.0398],[-46.9126,-24.0399],[-46.9161,-24.0448],[-46.921,-24.041],[-46.9232,-24.0416],[-46.923,-24.0445],[-46.9244,-24.0456],[-46.9286,-24.0431],[-46.9299,-24.0441],[-46.9313,-24.0416],[-46.9365,-24.044],[-46.9425,-24.0429],[-46.943,-24.0409],[-46.9462,-24.0403],[-46.9518,-24.0447],[-46.9587,-24.0444],[-46.9616,-24.0478],[-46.9648,-24.0434],[-46.9672,-24.0501],[-46.9632,-24.0566],[-46.9638,-24.0586],[-46.9672,-24.0593],[-46.9702,-24.0624],[-46.9733,-24.0619],[-46.9763,-24.0639],[-46.9793,-24.0635],[-46.982,-24.0582],[-46.988,-24.0594],[-46.9978,-24.0521],[-46.9981,-24.0522]]]]}},{"type":"Feature","properties":{"CD_MUN":"3549953","NM_MUN":"São Lourenço da Serra"},"geometry":{"type":"MultiPolygon","coordinates":[[[[-46.8888,-23.9013],[-46.8888,-23.9122],[-46.8905,-23.9171],[-46.8964,-23.9208],[-46.8985,-23.9278],[-46.9021,-23.927],[-46.9048,-23.9288],[-46.9077,-23.935],[-46.9122,-23.9344],[-46.9131,-23.937],[-46.9157,-23.9384],[-46.9186,-23.9337],[-46.9202,-23.9337],[-46.9213,-23.9367],[-46.9242,-23.9369],[-46.9313,-23.9349],[-46.9374,-23.9294],[-46.9397,-23.9289],[-46.9442,-23.931],[-46.9511,-23.9216],[-46.9511,-23.9112],[-46.9555,-23.9086],[-46.9542,-23.9069],[-46.9563,-23.9004],[-46.9617,-23.9004],[-46.9636,-23.8934],[-46.968,-23.8927],[-46.974,-23.8871],[-46.9813,-23.8914],[-46.9809,-23.8931],[-46.9829,-23.8935],[-46.983,-23.895],[-46.9858,-23.8938],[-46.9876,-23.8948],[-46.9882,-23.893],[-46.9921,-23.894],[-46.9884,-23.8892],[-46.991,-23.8849],[-46.9943,-23.8835],[-46.9967,-23.873],[-47.002,-23.8701],[-47.0022,-23.8671],[-47.006,-23.867],[-47.0112,-23.8613],[-47.0115,-23.8582],[-47.0152,-23.8582],[-47.0256,-23.8484],[-47.0286,-23.8478],[-47.0277,-23.844],[-47.0258,-23.844],[-47.025,-23.8412],[-47.0226,-23.8403],[-47.0219,-23.8363],[-47.0148,-23.8356],[-47.0146,-23.8309],[-47.0126,-23.8308],[-47.0143,-23.8282],[-47.013,-23.8251],[-47.0176,-23.8213],[-47.0158,-23.8201],[-47.0174,-23.8176],[-47.0153,-23.8147],[-47.0072,-23.8157],[-47.0012,-23.8127],[-46.9946,-23.8117],[-46.9919,-23.8092],[-46.9865,-23.8084],[-46.984,-23.803],[-46.9852,-23.8008],[-46.9888,-23.7999],[-46.9809,-23.7951],[-46.9799,-23.79],[-46.9823,-23.7873],[-46.9822,-23.784],[-46.9758,-23.7789],[-46.9723,-23.779],[-46.9673,-23.7745],[-46.9638,-23.7797],[-46.9659,-23.7841],[-46.9599,-23.7881],[-46.9578,-23.7924],[-46.9551,-23.7914],[-46.9508,-23.7927],[-46.9475,-23.787],[-46.9402,-23.7858],[-46.9397,-23.7797],[-46.9364,-23.7739],[-46.9312,-23.7779],[-46.9152,-23.7832],[-46.9118,-23.7913],[-46.9091,-23.7917],[-46.9104,-23.7853],[-46.9048,-23.7879],[-46.9033,-23.7903],[-46.8995,-23.7919],[-46.8991,-23.7959],[-46.8932,-23.7955],[-46.881,-23.7901],[-46.8783,-23.7956],[-46.8749,-23.7977],[-46.879,-23.7985],[-46.8818,-23.8038],[-46.8783,-23.811],[-46.8801,-23.8166],[-46.8847,-23.8179],[-46.8857,-23.8217],[-46.883,-23.8281],[-46.8956,-23.8377],[-46.8925,-23.8387],[-46.8916,-23.8413],[-46.8847,-23.8418],[-46.8811,-23.8465],[-46.8781,-23.847],[-46.8723,-23.8531],[-46.87,-23.8522],[-46.8653,-23.854],[-46.8612,-23.852],[-46.8577,-23.8549],[-46.8557,-23.8535],[-46.8542,-23.8547],[-46.8508,-23.8538],[-46.8484,-23.8563],[-46.8501,-23.8644],[-46.8559,-23.8763],[-46.8582,-23.8781],[-46.861,-23.8864],[-46.8662,-23.8868],[-46.8702,-23.8917],[-46.8701,-23.8949],[-46.8813,-23.8933],[-46.8886,-23.9011],[-46.8888,-23.9013]]]]}},{"type":"Feature","properties":{"CD_MUN":"3509007","NM_MUN":"Caieiras"},"geometry":{"type":"MultiPolygon","coordinates":[[[[-46.6783,-23.4156],[-46.6856,-23.42],[-46.6846,-23.4222],[-46.6862,-23.4266],[-46.6921,-23.4233],[-46.6991,-23.424],[-46.7019,-23.4173],[-46.7091,-23.4157],[-46.7104,-23.4066],[-46.7158,-23.4075],[-46.7186,-23.4058],[-46.7201,-23.403],[-46.7198,-23.3987],[-46.7219,-23.396],[-46.7294,-23.3943],[-46.7356,-23.3881],[-46.7521,-23.3903],[-46.7542,-23.3896],[-46.7544,-23.3874],[-46.7602,-23.386],[-46.7616,-23.3871],[-46.7645,-23.3862],[-46.7641,-23.3849],[-46.7677,-23.387],[-46.7679,-23.3893],[-46.7702,-23.3886],[-46.771,-23.3975],[-46.7756,-23.3968],[-46.7774,-23.3977],[-46.7764,-23.3989],[-46.7835,-23.3987],[-46.7826,-23.4035],[-46.786,-23.405],[-46.7894,-23.4037],[-46.7885,-23.4027],[-46.7921,-23.4024],[-46.7926,-23.3998],[-46.7974,-23.4016],[-46.7966,-23.4028],[-46.7996,-23.4028],[-46.8007,-23.4014],[-46.7988,-23.3992],[-46.8027,-23.3948],[-46.8044,-23.3955],[-46.803,-23.3967],[-46.8078,-23.3979],[-46.8079,-23.3995],[-46.8173,-23.3993],[-46.8208,-23.402],[-46.823,-23.4011],[-46.8237,-23.331],[-46.8189,-23.3371],[-46.8137,-23.3376],[-46.811,-23.3362],[-46.8011,-23.3414],[-46.8002,-23.3445],[-46.7931,-23.346],[-46.7912,-23.3439],[-46.7878,-23.3441],[-46.7878,-23.3461],[-46.7816,-23.3493],[-46.7787,-23.3447],[-46.7779,-23.3367],[-46.7737,-23.3346],[-46.7658,-23.3347],[-46.7577,-23.3306],[-46.7563,-23.3279],[-46.7519,-23.3265],[-46.7471,-23.3316],[-46.7418,-23.3413],[-46.7418,-23.3483],[-46.74,-23.3491],[-46.7419,-23.3528],[-46.7436,-23.3529],[-46.7429,-23.355],[-46.7249,-23.3572],[-46.7222,-23.3569],[-46.7222,-23.3556],[-46.716,-23.3554],[-46.7087,-23.3599],[-46.7063,-23.3633],[-46.6987,-23.3617],[-46.6901,-23.3683],[-46.6853,-23.3652],[-46.6816,-23.368],[-46.6697,-23.3632],[-46.6672,-23.3745],[-46.664,-23.376],[-46.6601,-23.3752],[-46.6595,-23.3812],[-46.6606,-23.3823],[-46.6567,-23.3841],[-46.6557,-23.3865],[-46.6592,-23.3897],[-46.6562,-23.3913],[-46.6573,-23.394],[-46.655,-23.3957],[-46.6641,-23.4065],[-46.6697,-23.4183],[-46.672,-23.4193],[-46.6757,-23.4158],[-46.6782,-23.4155],[-46.6783,-23.4156]]]]}},{"type":"Feature","properties":{"CD_MUN":"3509205","NM_MUN":"Cajamar"},"geometry":{"type":"MultiPolygon","coordinates":[[[[-46.8297,-23.4264],[-46.8322,-23.4306],[-46.8353,-23.4265],[-46.8398,-23.4247],[-46.8431,-23.4211],[-46.849,-23.4213],[-46.8498,-23.4201],[-46.8535,-23.4218],[-46.857,-23.419],[-46.8633,-23.4194],[-46.8654,-23.4166],[-46.8692,-23.4156],[-46.868,-23.4118],[-46.8698,-23.4118],[-46.869,-23.4092],[-46.871,-23.401],[-46.8725,-23.4014],[-46.8732,-23.3995],[-46.8799,-23.3974],[-46.8799,-23.3962],[-46.8851,-23.3953],[-46.8865,-23.3962],[-46.8859,-23.3982],[-46.8877,-23.3986],[-46.8866,-23.3995],[-46.8892,-23.3979],[-46.892,-23.4],[-46.9015,-23.3995],[-46.9011,-23.3985],[-46.903,-23.3997],[-46.9068,-23.3951],[-46.9087,-23.3944],[-46.9097,-23.3958],[-46.9124,-23.3923],[-46.9147,-23.3924],[-46.9149,-23.3908],[-46.9129,-23.3899],[-46.9136,-23.3866],[-46.9187,-23.3901],[-46.9283,-23.3896],[-46.9319,-23.3791],[-46.9275,-23.3764],[-46.9203,-23.3767],[-46.9126,-23.3724],[-46.9104,-23.369],[-46.9061,-23.3695],[-46.9023,-23.3664],[-46.9023,-23.3593],[-46.9116,-23.353],[-46.9173,-23.3563],[-46.928,-23.3564],[-46.9296,-23.3616],[-46.9342,-23.3647],[-46.9347,-23.3608],[-46.9373,-23.359],[-46.9409,-23.3523],[-46.9381,-23.3468],[-46.9379,-23.3219],[-46.9309,-23.3117],[-46.9266,-23.3109],[-46.9224,-23.3079],[-46.9184,-23.3107],[-46.9154,-23.3083],[-46.9061,-23.3089],[-46.9019,-23.3076],[-46.901,-23.3052],[-46.89,-23.2998],[-46.887,-23.2962],[-46.8856,-23.2905],[-46.8816,-23.2891],[-46.8769,-23.2907],[-46.8778,-23.2876],[-46.8758,-23.2837],[-46.8696,-23.2822],[-46.8675,-23.2779],[-46.8648,-23.2797],[-46.8625,-23.2785],[-46.861,-23.2818],[-46.8496,-23.2857],[-46.8468,-23.2844],[-46.8462,-23.2821],[-46.8434,-23.2825],[-46.8381,-23.2878],[-46.8428,-23.2918],[-46.8406,-23.3026],[-46.833,-23.3104],[-46.8287,-23.3099],[-46.8217,-23.3138],[-46.8259,-23.32],[-46.8235,-23.3293],[-46.823,-23.4013],[-46.8251,-23.4047],[-46.8245,-23.4074],[-46.8263,-23.4089],[-46.8223,-23.4121],[-46.8197,-23.4183],[-46.8232,-23.4224],[-46.8295,-23.4244],[-46.8297,-23.4262],[-46.8297,-23.4264]]]]}},{"type":"Feature","properties":{"CD_MUN":"3525003","NM_MUN":"Jandira"},"geometry":{"type":"MultiPolygon","coordinates":[[[[-46.9111,-23.5631],[-46.9079,-23.5585],[-46.9076,-23.5536],[-46.9087,-23.5519],[-46.9111,-23.5523],[-46.917,-23.5461],[-46.9176,-23.5425],[-46.9155,-23.5399],[-46.9166,-23.5356],[-46.9203,-23.5313],[-46.919,-23.5285],[-46.9229,-23.5228],[-46.9289,-23.5237],[-46.9304,-23.5196],[-46.929,-23.5177],[-46.9295,-23.5139],[-46.9244,-23.5158],[-46.9183,-23.5145],[-46.9161,-23.5124],[-46.9138,-23.5201],[-46.91,-23.5219],[-46.9064,-23.5198],[-46.9032,-23.5228],[-46.8946,-23.5253],[-46.8919,-23.5316],[-46.8947,-23.5393],[-46.8908,-23.5433],[-46.891,-23.5503],[-46.8859,-23.5537],[-46.8817,-23.5526],[-46.8777,-23.5491],[-46.8727,-23.5504],[-46.8605,-23.5447],[-46.8623,-23.5472],[-46.8606,-23.5504],[-46.862,-23.5505],[-46.8612,-23.5519],[-46.8634,-23.5545],[-46.8723,-23.5541],[-46.8709,-23.5572],[-46.8726,-23.5585],[-46.8711,-23.5614],[-46.8755,-23.561],[-46.876,-23.5653],[-46.8839,-23.569],[-46.8912,-23.5675],[-46.9034,-23.5685],[-46.9084,-23.5668],[-46.9111,-23.5631],[-46.9111,-23.5631]]]]}},{"type":"Feature","properties":{"CD_MUN":"3516408","NM_MUN":"Franco da Rocha"},"geometry":{"type":"MultiPolygon","coordinates":[[[[-46.6728,-23.3652],[-46.6816,-23.368],[-46.6853,-23.3652],[-46.6901,-23.3683],[-46.6987,-23.3617],[-46.7063,-23.3633],[-46.7087,-23.3599],[-46.716,-23.3554],[-46.7222,-23.3556],[-46.7222,-23.3569],[-46.7249,-23.3572],[-46.7429,-23.355],[-46.7436,-23.3529],[-46.7419,-23.3528],[-46.74,-23.3491],[-46.7418,-23.3483],[-46.7418,-23.3413],[-46.7471,-23.3316],[-46.7519,-23.3265],[-46.7563,-23.3279],[-46.7577,-23.3306],[-46.7658,-23.3347],[-46.7737,-23.3346],[-46.7779,-23.3367],[-46.7787,-23.3447],[-46.7816,-23.3493],[-46.7878,-23.3461],[-46.7878,-23.3441],[-46.7912,-23.3439],[-46.7931,-23.346],[-46.8002,-23.3445],[-46.8011,-23.3414],[-46.811,-23.3362],[-46.8137,-23.3376],[-46.8192,-23.3369],[-46.8237,-23.331],[-46.8256,-23.3238],[-46.8246,-23.3211],[-46.8259,-23.32],[-46.8219,-23.3134],[-46.8287,-23.3099],[-46.8328,-23.3105],[-46.8359,-23.3079],[-46.8359,-23.306],[-46.8411,-23.3018],[-46.8428,-23.2918],[-46.8342,-23.2858],[-46.8339,-23.2799],[-46.8227,-23.2802],[-46.8159,-23.2826],[-46.8138,-23.2812],[-46.8138,-23.2767],[-46.8097,-23.2746],[-46.8056,-23.2748],[-46.8059,-23.2724],[-46.803,-23.2702],[-46.8024,-23.257],[-46.7928,-23.2612],[-46.7913,-23.2667],[-46.7876,-23.2665],[-46.7864,-23.265],[-46.7823,-23.2663],[-46.7778,-23.2765],[-46.7738,-23.2814],[-46.7677,-23.2858],[-46.7651,-23.2856],[-46.7648,-23.29],[-46.758,-23.2926],[-46.7558,-23.2975],[-46.7509,-23.2975],[-46.7503,-23.3006],[-46.7515,-23.3016],[-46.7178,-23.3024],[-46.7174,-23.3003],[-46.7115,-23.2946],[-46.7052,-23.2959],[-46.6983,-23.2917],[-46.6976,-23.2896],[-46.6891,-23.2907],[-46.6875,-23.2871],[-46.6861,-23.2877],[-46.683,-23.2833],[-46.6873,-23.2814],[-46.6873,-23.2784],[-46.6815,-23.2788],[-46.6785,-23.2741],[-46.6729,-23.2734],[-46.6731,-23.2719],[-46.6638,-23.2692],[-46.6623,-23.2675],[-46.6516,-23.2674],[-46.6477,-23.2636],[-46.6406,-23.2611],[-46.6384,-23.2577],[-46.6371,-23.2581],[-46.6382,-23.2652],[-46.6434,-23.2658],[-46.648,-23.2732],[-46.648,-23.2757],[-46.656,-23.2784],[-46.6592,-23.2779],[-46.6608,-23.2816],[-46.6594,-23.2833],[-46.6531,-23.2844],[-46.651,-23.2882],[-46.6477,-23.2874],[-46.6466,-23.2953],[-46.6387,-23.3003],[-46.6358,-23.3053],[-46.6418,-23.309],[-46.6427,-23.3114],[-46.6454,-23.3119],[-46.6453,-23.3186],[-46.6632,-23.3252],[-46.6629,-23.3271],[-46.6579,-23.3309],[-46.6612,-23.3358],[-46.6688,-23.36],[-46.6724,-23.3651],[-46.6728,-23.3652]]]]}},{"type":"Feature","properties":{"CD_MUN":"3548807","NM_MUN":"São Caetano do Sul"},"geometry":{"type":"MultiPolygon","coordinates":[[[[-46.5682,-23.6499],[-46.5743,-23.6503],[-46.5834,-23.6412],[-46.5847,-23.6366],[-46.5814,-23.629],[-46.5831,-23.6258],[-46.5793,-23.6047],[-46.5807,-23.6001],[-46.5796,-23.5992],[-46.575,-23.6009],[-46.5574,-23.6121],[-46.5491,-23.6056],[-46.5446,-23.6108],[-46.5461,-23.6111],[-46.5454,-23.6158],[-46.5512,-23.6167],[-46.545,-23.6246],[-46.5492,-23.629],[-46.5517,-23.6425],[-46.5548,-23.6442],[-46.5559,-23.6489],[-46.5606,-23.6437],[-46.5678,-23.65],[-46.5682,-23.6499]]]]}},{"type":"Feature","properties":{"CD_MUN":"3516309","NM_MUN":"Francisco Morato"},"geometry":{"type":"MultiPolygon","coordinates":[[[[-46.7178,-23.3024],[-46.7515,-23.3016],[-46.7503,-23.3006],[-46.7509,-23.2975],[-46.7558,-23.2975],[-46.758,-23.2926],[-46.7648,-23.29],[-46.7651,-23.2856],[-46.7679,-23.2857],[-46.7775,-23.2769],[-46.7791,-23.2712],[-46.7837,-23.2654],[-46.784,-23.2609],[-46.7783,-23.2564],[-46.7715,-23.2599],[-46.7608,-23.2584],[-46.7574,-23.2536],[-46.7526,-23.2557],[-46.7512,-23.2532],[-46.7449,-23.2503],[-46.7389,-23.2527],[-46.7316,-23.2532],[-46.7257,-23.2485],[-46.7229,-23.2491],[-46.7185,-23.2533],[-46.7021,-23.2518],[-46.6979,-23.2536],[-46.6972,-23.255],[-46.6988,-23.2569],[-46.6957,-23.2572],[-46.6942,-23.2592],[-46.6909,-23.257],[-46.6866,-23.259],[-46.6843,-23.2571],[-46.6758,-23.2616],[-46.6721,-23.256],[-46.6691,-23.2564],[-46.6667,-23.2588],[-46.6525,-23.2599],[-46.6437,-23.2546],[-46.6414,-23.2553],[-46.6384,-23.2577],[-46.6406,-23.2611],[-46.6477,-23.2636],[-46.6516,-23.2674],[-46.6623,-23.2675],[-46.6638,-23.2692],[-46.6731,-23.2719],[-46.6729,-23.2734],[-46.6783,-23.274],[-46.6815,-23.2788],[-46.6873,-23.2784],[-46.6873,-23.2814],[-46.683,-23.2833],[-46.6861,-23.2877],[-46.6875,-23.2871],[-46.6891,-23.2907],[-46.6976,-23.2896],[-46.6983,-23.2917],[-46.7052,-23.2959],[-46.7115,-23.2946],[-46.7174,-23.3003],[-46.7177,-23.3023],[-46.7178,-23.3024]]]]}},{"type":"Feature","properties":{"CD_MUN":"3515707","NM_MUN":"Ferraz de Vasconcelos"},"geometry":{"type":"MultiPolygon","coordinates":[[[[-46.3777,-23.6111],[-46.3839,-23.6177],[-46.3846,-23.6153],[-46.3896,-23.6124],[-46.3948,-23.6124],[-46.396,-23.6091],[-46.3993,-23.6064],[-46.3955,-23.6022],[-46.3916,-23.6029],[-46.3843,-23.6006],[-46.3825,-23.5915],[-46.3803,-23.5885],[-46.3773,-23.5896],[-46.3838,-23.5784],[-46.3793,-23.5768],[-46.3782,-23.5749],[-46.383,-23.5723],[-46.3838,-23.5703],[-46.3787,-23.5619],[-46.3837,-23.5631],[-46.3889,-23.5613],[-46.3926,-23.5573],[-46.3924,-23.5543],[-46.3951,-23.549],[-46.3919,-23.5494],[-46.3879,-23.5464],[-46.3933,-23.5386],[-46.3952,-23.5297],[-46.3916,-23.5302],[-46.3837,-23.5239],[-46.3862,-23.5233],[-46.3865,-23.5215],[-46.3805,-23.5165],[-46.3749,-23.5156],[-46.3754,-23.5127],[-46.3706,-23.5112],[-46.3664,-23.5122],[-46.3685,-23.5218],[-46.367,-23.5272],[-46.3629,-23.5278],[-46.3605,-23.5311],[-46.3567,-23.5326],[-46.3548,-23.537],[-46.3542,-23.5435],[-46.3571,-23.5489],[-46.3567,-23.5522],[-46.3529,-23.557],[-46.3581,-23.5657],[-46.3535,-23.5662],[-46.3528,-23.5698],[-46.3497,-23.5737],[-46.3532,-23.5741],[-46.3557,-23.5817],[-46.3626,-23.5838],[-46.3629,-23.5876],[-46.3657,-23.5907],[-46.373,-23.6088],[-46.3776,-23.611],[-46.3777,-23.6111]]]]}},{"type":"Feature","properties":{"CD_MUN":"3556453","NM_MUN":"Vargem Grande Paulista"},"geometry":{"type":"MultiPolygon","coordinates":[[[[-46.9885,-23.6588],[-46.9882,-23.6653],[-46.9923,-23.6668],[-46.995,-23.6708],[-46.9965,-23.6683],[-46.9966,-23.6615],[-47.0043,-23.6623],[-47.012,-23.656],[-47.0174,-23.6567],[-47.024,-23.6439],[-47.0336,-23.6436],[-47.0365,-23.6402],[-47.0436,-23.6364],[-47.0449,-23.6316],[-47.059,-23.6283],[-47.0556,-23.618],[-47.0528,-23.6172],[-47.0492,-23.6187],[-47.047,-23.6165],[-47.0473,-23.614],[-47.0412,-23.6106],[-47.0409,-23.6073],[-47.0364,-23.6012],[-47.0373,-23.5989],[-47.0348,-23.597],[-47.0312,-23.589],[-47.0319,-23.5829],[-47.0281,-23.5813],[-47.0225,-23.582],[-47.0202,-23.586],[-47.0156,-23.5814],[-47.0105,-23.5805],[-47.0082,-23.5779],[-47.0012,-23.5805],[-46.997,-23.5794],[-47.0002,-23.5871],[-46.9992,-23.5935],[-46.9922,-23.5946],[-46.9891,-23.6028],[-46.9817,-23.6018],[-46.9836,-23.6057],[-46.9907,-23.6098],[-46.9881,-23.6127],[-46.9894,-23.6178],[-46.9872,-23.6331],[-46.9894,-23.6357],[-46.9898,-23.6413],[-46.9921,-23.6456],[-46.9857,-23.6543],[-46.9863,-23.6582],[-46.9883,-23.6586],[-46.9885,-23.6588]]]]}},{"type":"Feature","properties":{"CD_MUN":"3548708","NM_MUN":"São Bernardo do Campo"},"geometry":{"type":"MultiPolygon","coordinates":[[[[-46.6163,-23.9306],[-46.6138,-23.9311],[-46.6113,-23.9293],[-46.6113,-23.9275],[-46.6093,-23.9272],[-46.6105,-23.9242],[-46.6088,-23.9229],[-46.6099,-23.9189],[-46.608,-23.9157],[-46.6117,-23.9134],[-46.6124,-23.9089],[-46.6112,-23.9079],[-46.614,-23.9039],[-46.6174,-23.8882],[-46.6171,-23.8789],[-46.6154,-23.8766],[-46.6172,-23.8703],[-46.6162,-23.8627],[-46.6324,-23.8514],[-46.635,-23.8314],[-46.6282,-23.8229],[-46.6238,-23.8141],[-46.6215,-23.7846],[-46.6462,-23.7555],[-46.6476,-23.7415],[-46.6542,-23.7305],[-46.6458,-23.7323],[-46.6399,-23.7317],[-46.6342,-23.7362],[-46.6309,-23.7346],[-46.6263,-23.7374],[-46.6245,-23.736],[-46.6196,-23.7391],[-46.6124,-23.7382],[-46.61,-23.7343],[-46.6047,-23.7305],[-46.6062,-23.727],[-46.6049,-23.7183],[-46.6007,-23.7164],[-46.5993,-23.7128],[-46.591,-23.7072],[-46.588,-23.6973],[-46.5793,-23.691],[-46.5802,-23.6847],[-46.5786,-23.6804],[-46.5808,-23.6773],[-46.5777,-23.6722],[-46.5832,-23.6725],[-46.5911,-23.6771],[-46.6002,-23.6704],[-46.5963,-23.6635],[-46.6017,-23.6628],[-46.6089,-23.6691],[-46.6131,-23.6665],[-46.6131,-23.6634],[-46.6165,-23.658],[-46.614,-23.6602],[-46.5966,-23.6529],[-46.5846,-23.6452],[-46.5834,-23.6412],[-46.5743,-23.6503],[-46.5705,-23.6493],[-46.5651,-23.6508],[-46.5531,-23.6676],[-46.5532,-23.6765],[-46.5547,-23.6792],[-46.5535,-23.6835],[-46.5431,-23.6846],[-46.5394,-23.6876],[-46.5374,-23.691],[-46.5369,-23.6966],[-46.5347,-23.6973],[-46.5333,-23.7003],[-46.5295,-23.7016],[-46.5285,-23.7035],[-46.5239,-23.7012],[-46.5206,-23.7016],[-46.5165,-23.7057],[-46.5181,-23.7075],[-46.5176,-23.7097],[-46.522,-23.7145],[-46.5175,-23.7204],[-46.5182,-23.724],[-46.5167,-23.729],[-46.5205,-23.7353],[-46.5175,-23.7379],[-46.5175,-23.7431],[-46.5212,-23.7461],[-46.5266,-23.7461],[-46.528,-23.7487],[-46.5223,-23.7504],[-46.5136,-23.7468],[-46.5111,-23.7478],[-46.5066,-23.7434],[-46.4992,-23.7461],[-46.4963,-23.748],[-46.4899,-23.7596],[-46.4772,-23.7655],[-46.4733,-23.7732],[-46.4652,-23.7789],[-46.4609,-23.7843],[-46.4571,-23.7846],[-46.4546,-23.7914],[-46.4397,-23.8009],[-46.4329,-23.8],[-46.4306,-23.8012],[-46.43,-23.8036],[-46.4331,-23.8067],[-46.4294,-23.8088],[-46.4265,-23.8129],[-46.4205,-23.8124],[-46.4149,-23.8158],[-46.4104,-23.8143],[-46.4125,-23.8178],[-46.4144,-23.8178],[-46.4138,-23.8235],[-46.4201,-23.8235],[-46.4177,-23.8205],[-46.4185,-23.8183],[-46.4265,-23.8254],[-46.4312,-23.8259],[-46.4339,-23.8234],[-46.4422,-23.8285],[-46.4449,-23.828],[-46.4438,-23.8294],[-46.4411,-23.8289],[-46.4391,-23.8321],[-46.4417,-23.8337],[-46.4423,-23.8399],[-46.4382,-23.8386],[-46.4384,-23.8413],[-46.4348,-23.8429],[-46.4398,-23.8438],[-46.4445,-23.8507],[-46.4515,-23.8513],[-46.4542,-23.8531],[-46.4602,-23.8616],[-46.4603,-23.8639],[-46.4651,-23.86],[-46.4672,-23.861],[-46.4662,-23.8633],[-46.4676,-23.8693],[-46.4717,-23.8712],[-46.4716,-23.8736],[-46.4747,-23.8783],[-46.4867,-23.8843],[-46.4863,-23.8825],[-46.4876,-23.8825],[-46.4945,-23.8887],[-46.4958,-23.8962],[-46.4939,-23.8972],[-46.4974,-23.9012],[-46.5062,-23.9058],[-46.5088,-23.9041],[-46.5075,-23.9068],[-46.511,-23.9043],[-46.5098,-23.9083],[-46.5123,-23.9049],[-46.5122,-23.9089],[-46.518,-23.904],[-46.5179,-23.9108],[-46.5197,-23.9103],[-46.5222,-23.9127],[-46.5328,-23.9169],[-46.5304,-23.9182],[-46.5346,-23.9203],[-46.5326,-23.9209],[-46.5337,-23.923],[-46.5404,-23.9245],[-46.5454,-23.9303],[-46.5492,-23.9293],[-46.5488,-23.9336],[-46.5586,-23.945],[-46.5671,-23.9506],[-46.5685,-23.9497],[-46.5669,-23.9477],[-46.5682,-23.9473],[-46.5709,-23.9524],[-46.5755,-23.954],[-46.5741,-23.9553],[-46.5762,-23.957],[-46.5812,-23.9558],[-46.5798,-23.9583],[-46.582,-23.9578],[-46.592,-23.9618],[-46.5952,-23.9653],[-46.5965,-23.9634],[-46.6073,-23.9688],[-46.6116,-23.9694],[-46.6116,-23.9665],[-46.6081,-23.9633],[-46.6091,-23.9599],[-46.6063,-23.9568],[-46.6071,-23.9536],[-46.6109,-23.9503],[-46.6074,-23.9481],[-46.6068,-23.9445],[-46.6085,-23.9415],[-46.607,-23.9387],[-46.6082,-23.9369],[-46.6125,-23.9378],[-46.615,-23.9365],[-46.6162,-23.9309],[-46.6163,-23.9306]]]]}},{"type":"Feature","properties":{"CD_MUN":"3515103","NM_MUN":"Embu-Guaçu"},"geometry":{"type":"MultiPolygon","coordinates":[[[[-46.9122,-23.9344],[-46.9081,-23.9352],[-46.9048,-23.9288],[-46.9021,-23.927],[-46.898,-23.9273],[-46.8964,-23.9208],[-46.8903,-23.9166],[-46.8888,-23.9122],[-46.8888,-23.9013],[-46.8813,-23.8933],[-46.8701,-23.8949],[-46.8702,-23.8917],[-46.8662,-23.8868],[-46.861,-23.8864],[-46.8582,-23.8781],[-46.8559,-23.8763],[-46.8494,-23.8625],[-46.8484,-23.8563],[-46.8508,-23.8538],[-46.8542,-23.8547],[-46.8557,-23.8535],[-46.8577,-23.8549],[-46.8612,-23.852],[-46.8653,-23.854],[-46.87,-23.8522],[-46.8723,-23.8531],[-46.8781,-23.847],[-46.8811,-23.8465],[-46.8847,-23.8418],[-46.8916,-23.8413],[-46.8925,-23.8387],[-46.8956,-23.8377],[-46.883,-23.8281],[-46.8857,-23.8217],[-46.8845,-23.8176],[-46.8801,-23.8166],[-46.8783,-23.811],[-46.8819,-23.8043],[-46.8793,-23.7988],[-46.8749,-23.7977],[-46.8723,-23.8004],[-46.8701,-23.7991],[-46.8662,-23.8018],[-46.8653,-23.8046],[-46.8633,-23.8044],[-46.8622,-23.802],[-46.857,-23.7996],[-46.8567,-23.7949],[-46.8499,-23.7961],[-46.8491,-23.7931],[-46.8451,-23.7902],[-46.844,-23.7843],[-46.8395,-23.7829],[-46.8399,-23.7784],[-46.8387,-23.7776],[-46.8347,-23.7804],[-46.8308,-23.7794],[-46.8231,-23.7682],[-46.8203,-23.7671],[-46.8147,-23.7689],[-46.8106,-23.7665],[-46.8061,-23.7668],[-46.7998,-23.7708],[-46.7928,-23.766],[-46.787,-23.7652],[-46.7862,-23.7663],[-46.7822,-23.7646],[-46.7773,-23.7667],[-46.7807,-23.7705],[-46.7888,-23.7748],[-46.7911,-23.7806],[-46.789,-23.7868],[-46.7897,-23.7896],[-46.7945,-23.7939],[-46.7962,-23.7993],[-46.8006,-23.8017],[-46.802,-23.8072],[-46.7965,-23.8113],[-46.7894,-23.8114],[-46.774,-23.8176],[-46.7626,-23.8276],[-46.7637,-23.8321],[-46.7656,-23.833],[-46.7654,-23.8347],[-46.7634,-23.8343],[-46.7625,-23.8362],[-46.7643,-23.8424],[-46.7738,-23.8438],[-46.7803,-23.8407],[-46.7788,-23.8527],[-46.7761,-23.8557],[-46.7768,-23.8932],[-46.7875,-23.8948],[-46.7998,-23.8938],[-46.8023,-23.888],[-46.8074,-23.8866],[-46.8073,-23.8903],[-46.8042,-23.893],[-46.8067,-23.9012],[-46.8117,-23.9079],[-46.8116,-23.9172],[-46.8099,-23.9177],[-46.8109,-23.9203],[-46.8129,-23.9196],[-46.8158,-23.9215],[-46.8212,-23.9283],[-46.8235,-23.9292],[-46.8248,-23.928],[-46.8278,-23.9316],[-46.8328,-23.9342],[-46.8365,-23.9341],[-46.838,-23.9358],[-46.8403,-23.9347],[-46.8426,-23.938],[-46.8442,-23.9349],[-46.8491,-23.9362],[-46.8499,-23.9385],[-46.8537,-23.9379],[-46.8544,-23.9397],[-46.8561,-23.9381],[-46.8584,-23.9388],[-46.8597,-23.9355],[-46.8624,-23.936],[-46.8638,-23.9335],[-46.8699,-23.936],[-46.8722,-23.9355],[-46.8732,-23.9301],[-46.8791,-23.9282],[-46.8842,-23.9306],[-46.8867,-23.9339],[-46.8901,-23.9332],[-46.8934,-23.9381],[-46.8983,-23.9387],[-46.8993,-23.9406],[-46.9034,-23.94],[-46.9038,-23.9419],[-46.9076,-23.936],[-46.9117,-23.9354],[-46.9122,-23.9344]]]]}},{"type":"Feature","properties":{"CD_MUN":"3515004","NM_MUN":"Embu das Artes"},"geometry":{"type":"MultiPolygon","coordinates":[[[[-46.8008,-23.6838],[-46.8013,-23.686],[-46.8033,-23.6851],[-46.8142,-23.6885],[-46.8168,-23.686],[-46.8204,-23.6878],[-46.8231,-23.683],[-46.8218,-23.6798],[-46.8271,-23.6746],[-46.831,-23.6777],[-46.8461,-23.6812],[-46.8493,-23.6855],[-46.8607,-23.6816],[-46.8715,-23.6838],[-46.8721,-23.6801],[-46.8789,-23.676],[-46.8804,-23.673],[-46.8844,-23.6718],[-46.8898,-23.6663],[-46.8933,-23.6695],[-46.9011,-23.6695],[-46.9034,-23.6648],[-46.9145,-23.6622],[-46.9183,-23.6579],[-46.9149,-23.6522],[-46.9156,-23.6496],[-46.9089,-23.643],[-46.9093,-23.6395],[-46.907,-23.6328],[-46.9079,-23.6308],[-46.9021,-23.6303],[-46.9003,-23.628],[-46.8961,-23.6287],[-46.8878,-23.6245],[-46.8857,-23.6199],[-46.8798,-23.6193],[-46.8781,-23.6213],[-46.8725,-23.6218],[-46.8698,-23.6242],[-46.8638,-23.616],[-46.8576,-23.6123],[-46.8561,-23.6131],[-46.8541,-23.6198],[-46.8484,-23.6197],[-46.8395,-23.6273],[-46.8226,-23.6191],[-46.819,-23.6136],[-46.8102,-23.6101],[-46.8127,-23.6136],[-46.8094,-23.6181],[-46.8121,-23.624],[-46.8094,-23.6259],[-46.8157,-23.6319],[-46.8166,-23.6351],[-46.8216,-23.6359],[-46.7927,-23.6471],[-46.7918,-23.6516],[-46.7955,-23.6652],[-46.795,-23.6682],[-46.8,-23.6782],[-46.8008,-23.6837],[-46.8008,-23.6838]]]]}},{"type":"Feature","properties":{"CD_MUN":"3547809","NM_MUN":"Santo André"},"geometry":{"type":"MultiPolygon","coordinates":[[[[-46.4382,-23.8013],[-46.4546,-23.7914],[-46.4571,-23.7846],[-46.4609,-23.7843],[-46.4652,-23.7789],[-46.4733,-23.7732],[-46.4772,-23.7655],[-46.4899,-23.7596],[-46.4971,-23.7473],[-46.5066,-23.7434],[-46.5111,-23.7478],[-46.5136,-23.7468],[-46.5223,-23.7504],[-46.528,-23.7487],[-46.5266,-23.7461],[-46.5212,-23.7461],[-46.5175,-23.7431],[-46.5175,-23.7379],[-46.5205,-23.7356],[-46.5167,-23.729],[-46.5182,-23.724],[-46.5175,-23.7204],[-46.522,-23.7145],[-46.5176,-23.7097],[-46.5181,-23.7075],[-46.5165,-23.7057],[-46.5206,-23.7016],[-46.5239,-23.7012],[-46.5285,-23.7035],[-46.5295,-23.7016],[-46.5333,-23.7003],[-46.5347,-23.6973],[-46.5369,-23.6966],[-46.5374,-23.691],[-46.5394,-23.6876],[-46.5431,-23.6846],[-46.5535,-23.6835],[-46.5547,-23.6792],[-46.5532,-23.6765],[-46.5534,-23.6668],[-46.5638,-23.6521],[-46.5672,-23.6502],[-46.5606,-23.6437],[-46.5559,-23.6489],[-46.5548,-23.6442],[-46.5517,-23.6425],[-46.5492,-23.629],[-46.545,-23.6246],[-46.5512,-23.6167],[-46.5454,-23.6158],[-46.5461,-23.6111],[-46.5446,-23.6108],[-46.5471,-23.6057],[-46.5343,-23.6144],[-46.5216,-23.6139],[-46.5171,-23.6179],[-46.5133,-23.6189],[-46.5099,-23.6238],[-46.5063,-23.6258],[-46.5,-23.6238],[-46.4931,-23.6254],[-46.4849,-23.6233],[-46.4828,-23.6302],[-46.4863,-23.6402],[-46.4815,-23.6483],[-46.4917,-23.6508],[-46.496,-23.6563],[-46.4995,-23.6567],[-46.4972,-23.6611],[-46.4932,-23.66],[-46.49,-23.6617],[-46.481,-23.6736],[-46.4803,-23.6808],[-46.4833,-23.6849],[-46.483,-23.6874],[-46.4853,-23.689],[-46.4861,-23.6938],[-46.4895,-23.6952],[-46.4911,-23.6978],[-46.4909,-23.7053],[-46.4891,-23.7068],[-46.4917,-23.709],[-46.4898,-23.7114],[-46.4834,-23.7114],[-46.4834,-23.716],[-46.4814,-23.7182],[-46.4781,-23.7196],[-46.475,-23.7183],[-46.4692,-23.7248],[-46.4687,-23.7318],[-46.4715,-23.739],[-46.4678,-23.7408],[-46.4631,-23.7469],[-46.4577,-23.7508],[-46.4579,-23.7557],[-46.4544,-23.7568],[-46.4529,-23.759],[-46.458,-23.7638],[-46.457,-23.7677],[-46.4506,-23.7709],[-46.4422,-23.7693],[-46.4406,-23.7661],[-46.4368,-23.7678],[-46.4298,-23.7653],[-46.4253,-23.7696],[-46.4271,-23.7717],[-46.426,-23.7741],[-46.4215,-23.7715],[-46.4157,-23.7731],[-46.415,-23.7691],[-46.4079,-23.77],[-46.3995,-23.7664],[-46.3967,-23.7677],[-46.3912,-23.7641],[-46.3873,-23.764],[-46.381,-23.7585],[-46.3764,-23.7589],[-46.3727,-23.7524],[-46.3701,-23.7543],[-46.3613,-23.7506],[-46.3587,-23.7468],[-46.3591,-23.7437],[-46.3617,-23.7431],[-46.3608,-23.7402],[-46.3569,-23.7397],[-46.3502,-23.7356],[-46.3436,-23.7381],[-46.3434,-23.7351],[-46.3387,-23.7318],[-46.3358,-23.7255],[-46.3334,-23.7272],[-46.3305,-23.7267],[-46.3253,-23.7305],[-46.3223,-23.7354],[-46.3173,-23.737],[-46.317,-23.7397],[-46.322,-23.7442],[-46.321,-23.7451],[-46.3156,-23.7445],[-46.3122,-23.7473],[-46.3061,-23.748],[-46.302,-23.7513],[-46.2985,-23.751],[-46.2961,-23.7485],[-46.2939,-23.7492],[-46.2857,-23.758],[-46.2836,-23.7668],[-46.2784,-23.7703],[-46.2913,-23.7812],[-46.296,-23.7872],[-46.3026,-23.7879],[-46.3165,-23.802],[-46.3202,-23.8031],[-46.3203,-23.7851],[-46.3234,-23.7854],[-46.3332,-23.7812],[-46.3389,-23.7818],[-46.3454,-23.7876],[-46.3535,-23.7884],[-46.3544,-23.7915],[-46.3565,-23.7906],[-46.3587,-23.7922],[-46.3626,-23.7912],[-46.3677,-23.7925],[-46.3724,-23.7897],[-46.3771,-23.7936],[-46.3772,-23.795],[-46.3733,-23.7956],[-46.3777,-23.8043],[-46.3833,-23.8096],[-46.3892,-23.8098],[-46.3943,-23.8144],[-46.396,-23.8118],[-46.4042,-23.8119],[-46.4128,-23.8159],[-46.4205,-23.8124],[-46.4265,-23.8129],[-46.4294,-23.8088],[-46.4331,-23.8067],[-46.43,-23.8036],[-46.4303,-23.8015],[-46.4329,-23.8],[-46.4378,-23.8013],[-46.4382,-23.8013]]]]}},{"type":"Feature","properties":{"CD_MUN":"3539806","NM_MUN":"Poá"},"geometry":{"type":"MultiPolygon","coordinates":[[[[-46.3532,-23.5687],[-46.3542,-23.5657],[-46.3581,-23.5657],[-46.3529,-23.557],[-46.3567,-23.5522],[-46.3571,-23.5489],[-46.3542,-23.5435],[-46.3548,-23.537],[-46.3567,-23.5326],[-46.3605,-23.5311],[-46.3629,-23.5278],[-46.367,-23.5272],[-46.3682,-23.525],[-46.3665,-23.5123],[-46.3536,-23.5048],[-46.3485,-23.5079],[-46.3299,-23.5057],[-46.3277,-23.5108],[-46.3262,-23.5094],[-46.3263,-23.5111],[-46.3244,-23.5121],[-46.3267,-23.5148],[-46.325,-23.5157],[-46.3278,-23.5165],[-46.3299,-23.5201],[-46.3284,-23.5224],[-46.3293,-23.5296],[-46.3313,-23.5319],[-46.3314,-23.5388],[-46.3413,-23.547],[-46.3424,-23.5615],[-46.3492,-23.5727],[-46.35,-23.5735],[-46.3532,-23.5687],[-46.3532,-23.5687]]]]}},{"type":"Feature","properties":{"CD_MUN":"3539103","NM_MUN":"Pirapora do Bom Jesus"},"geometry":{"type":"MultiPolygon","coordinates":[[[[-46.9693,-23.4213],[-46.9694,-23.4233],[-46.9725,-23.4259],[-46.9854,-23.4335],[-46.9963,-23.4295],[-47.0099,-23.433],[-47.0222,-23.4323],[-47.0298,-23.4354],[-47.0376,-23.4355],[-47.0351,-23.432],[-47.0355,-23.4272],[-47.0385,-23.4234],[-47.0406,-23.424],[-47.0415,-23.4171],[-47.0388,-23.4153],[-47.0374,-23.4118],[-47.0398,-23.4099],[-47.0372,-23.407],[-47.0396,-23.4038],[-47.0368,-23.4022],[-47.0361,-23.3991],[-47.0383,-23.394],[-47.0411,-23.3932],[-47.0426,-23.3867],[-47.0379,-23.3826],[-47.0369,-23.379],[-47.0305,-23.3789],[-47.029,-23.3755],[-47.0306,-23.3717],[-47.0341,-23.3711],[-47.0358,-23.3689],[-47.0387,-23.369],[-47.0396,-23.3591],[-47.0429,-23.3523],[-47.0312,-23.346],[-47.0212,-23.3441],[-47.0173,-23.3454],[-47.0154,-23.3403],[-47.0081,-23.3375],[-47.0027,-23.3369],[-47.0005,-23.3381],[-47.0,-23.3332],[-46.9957,-23.331],[-46.9928,-23.3338],[-46.9918,-23.3327],[-46.989,-23.3342],[-46.9876,-23.3327],[-46.9837,-23.3336],[-46.9782,-23.3296],[-46.9744,-23.33],[-46.9703,-23.3262],[-46.964,-23.3236],[-46.9592,-23.328],[-46.954,-23.3248],[-46.9502,-23.3242],[-46.9491,-23.3263],[-46.9453,-23.3252],[-46.9449,-23.3228],[-46.9414,-23.3203],[-46.9392,-23.3235],[-46.9379,-23.3219],[-46.9381,-23.3468],[-46.9409,-23.3523],[-46.9373,-23.359],[-46.9347,-23.3608],[-46.9347,-23.3644],[-46.9296,-23.3616],[-46.928,-23.3564],[-46.9173,-23.3563],[-46.9111,-23.353],[-46.9092,-23.3557],[-46.9023,-23.3593],[-46.9023,-23.3664],[-46.9071,-23.37],[-46.9104,-23.369],[-46.9126,-23.3724],[-46.9203,-23.3767],[-46.9275,-23.3764],[-46.9319,-23.3791],[-46.9289,-23.3876],[-46.9332,-23.385],[-46.9359,-23.3851],[-46.9358,-23.3885],[-46.9402,-23.3891],[-46.9405,-23.3918],[-46.9472,-23.3911],[-46.95,-23.3924],[-46.9521,-23.3966],[-46.9553,-23.3962],[-46.9551,-23.3987],[-46.9478,-23.399],[-46.9435,-23.4019],[-46.9513,-23.4036],[-46.951,-23.409],[-46.9535,-23.4114],[-46.9648,-23.4111],[-46.9693,-23.4212],[-46.9693,-23.4213]]]]}},{"type":"Feature","properties":{"CD_MUN":"3547304","NM_MUN":"Santana de Parnaíba"},"geometry":{"type":"MultiPolygon","coordinates":[[[[-46.9664,-23.4976],[-46.9668,-23.5014],[-46.9706,-23.501],[-46.977,-23.5031],[-46.9781,-23.5052],[-46.985,-23.5034],[-46.9889,-23.5082],[-46.9927,-23.507],[-46.9959,-23.5079],[-47.0019,-23.505],[-47.004,-23.5021],[-47.0037,-23.4995],[-47.0096,-23.4938],[-47.0131,-23.4849],[-47.0181,-23.4835],[-47.0161,-23.4783],[-47.0134,-23.4772],[-47.0171,-23.4729],[-47.0147,-23.4715],[-47.0109,-23.4637],[-47.0116,-23.4592],[-47.0141,-23.4575],[-47.0138,-23.4541],[-47.0101,-23.454],[-47.0123,-23.4526],[-47.0104,-23.4493],[-47.0125,-23.4486],[-47.0103,-23.4455],[-47.0141,-23.4457],[-47.0152,-23.4437],[-47.0173,-23.4459],[-47.0171,-23.4446],[-47.0241,-23.4404],[-47.03,-23.4424],[-47.0327,-23.4377],[-47.0376,-23.4355],[-47.0298,-23.4354],[-47.0222,-23.4323],[-47.0099,-23.433],[-46.9963,-23.4295],[-46.985,-23.4334],[-46.9694,-23.4233],[-46.9648,-23.4111],[-46.9535,-23.4114],[-46.951,-23.409],[-46.9513,-23.4036],[-46.9438,-23.4023],[-46.9437,-23.4007],[-46.9478,-23.399],[-46.9551,-23.3987],[-46.9553,-23.3962],[-46.9521,-23.3966],[-46.95,-23.3924],[-46.9472,-23.3911],[-46.9405,-23.3918],[-46.9402,-23.3891],[-46.9358,-23.3885],[-46.9365,-23.3857],[-46.9352,-23.385],[-46.9285,-23.3877],[-46.9279,-23.3897],[-46.9187,-23.3901],[-46.9136,-23.3866],[-46.9129,-23.3899],[-46.9149,-23.3908],[-46.9147,-23.3924],[-46.9124,-23.3923],[-46.9097,-23.3958],[-46.9087,-23.3944],[-46.9068,-23.3951],[-46.903,-23.3997],[-46.9011,-23.3985],[-46.9015,-23.3995],[-46.892,-23.4],[-46.8892,-23.3979],[-46.8866,-23.3995],[-46.8877,-23.3986],[-46.8859,-23.3982],[-46.8865,-23.3962],[-46.8851,-23.3953],[-46.8799,-23.3962],[-46.8799,-23.3974],[-46.8732,-23.3995],[-46.8725,-23.4014],[-46.871,-23.401],[-46.8691,-23.4083],[-46.8698,-23.4118],[-46.868,-23.4118],[-46.8692,-23.4156],[-46.8654,-23.4166],[-46.8633,-23.4194],[-46.857,-23.419],[-46.8535,-23.4218],[-46.8498,-23.4201],[-46.849,-23.4213],[-46.8431,-23.4211],[-46.8398,-23.4247],[-46.8353,-23.4265],[-46.8326,-23.4305],[-46.8308,-23.4302],[-46.8295,-23.4244],[-46.8233,-23.4224],[-46.821,-23.4284],[-46.8166,-23.4305],[-46.812,-23.4366],[-46.8118,-23.4403],[-46.8096,-23.4429],[-46.8087,-23.4518],[-46.8061,-23.4551],[-46.8054,-23.4627],[-46.8009,-23.4671],[-46.8005,-23.4696],[-46.8023,-23.4728],[-46.8061,-23.4732],[-46.8083,-23.4848],[-46.813,-23.4845],[-46.814,-23.4861],[-46.8207,-23.4807],[-46.8321,-23.4827],[-46.8352,-23.4846],[-46.8372,-23.4828],[-46.8443,-23.4818],[-46.8464,-23.4828],[-46.8484,-23.481],[-46.8524,-23.484],[-46.8616,-23.4829],[-46.8687,-23.4776],[-46.8775,-23.4804],[-46.8798,-23.4761],[-46.8795,-23.4714],[-46.8883,-23.4746],[-46.8888,-23.4841],[-46.8966,-23.485],[-46.8999,-23.4915],[-46.9125,-23.4913],[-46.9154,-23.4883],[-46.9198,-23.487],[-46.9259,-23.4888],[-46.9423,-23.486],[-46.944,-23.4881],[-46.9469,-23.4849],[-46.9534,-23.4838],[-46.9542,-23.4862],[-46.9561,-23.4855],[-46.9557,-23.4894],[-46.9573,-23.4914],[-46.9636,-23.4939],[-46.9662,-23.4976],[-46.9664,-23.4976]]]]}},{"type":"Feature","properties":{"CD_MUN":"3523107","NM_MUN":"Itaquaquecetuba"},"geometry":{"type":"MultiPolygon","coordinates":[[[[-46.3664,-23.5121],[-46.3653,-23.5031],[-46.3774,-23.4842],[-46.3818,-23.4721],[-46.3843,-23.474],[-46.3837,-23.4756],[-46.3871,-23.4746],[-46.3873,-23.4718],[-46.3892,-23.4709],[-46.3894,-23.4659],[-46.3924,-23.4611],[-46.3927,-23.4541],[-46.3974,-23.4479],[-46.3954,-23.4464],[-46.3934,-23.449],[-46.3908,-23.449],[-46.3889,-23.4485],[-46.3884,-23.4457],[-46.3837,-23.445],[-46.3832,-23.4429],[-46.387,-23.4377],[-46.3867,-23.4359],[-46.3841,-23.4353],[-46.3829,-23.4332],[-46.3783,-23.4344],[-46.3759,-23.4328],[-46.3702,-23.4337],[-46.3699,-23.4366],[-46.3669,-23.438],[-46.3639,-23.4352],[-46.3589,-23.4389],[-46.3567,-23.4345],[-46.3592,-23.428],[-46.3549,-23.4271],[-46.3547,-23.4235],[-46.3526,-23.4208],[-46.3479,-23.4201],[-46.3404,-23.4232],[-46.3281,-23.4247],[-46.3255,-23.4236],[-46.3219,-23.4253],[-46.3173,-23.4238],[-46.3172,-23.4202],[-46.3132,-23.4163],[-46.31,-23.4241],[-46.3034,-23.424],[-46.2977,-23.4291],[-46.2976,-23.4309],[-46.293,-23.43],[-46.2889,-23.4345],[-46.2844,-23.4353],[-46.2783,-23.4332],[-46.2768,-23.4343],[-46.2737,-23.433],[-46.2729,-23.4292],[-46.2705,-23.4305],[-46.2732,-23.4375],[-46.2733,-23.445],[-46.2759,-23.4465],[-46.2741,-23.448],[-46.2742,-23.4504],[-46.278,-23.453],[-46.2798,-23.4571],[-46.287,-23.46],[-46.2861,-23.4662],[-46.2814,-23.4761],[-46.2812,-23.4812],[-46.286,-23.4817],[-46.2895,-23.4849],[-46.2882,-23.4898],[-46.2986,-23.4964],[-46.304,-23.4957],[-46.3064,-23.4925],[-46.3093,-23.4916],[-46.3142,-23.4928],[-46.3309,-23.4888],[-46.3331,-23.4917],[-46.3326,-23.4942],[-46.3343,-23.4933],[-46.3341,-23.4951],[-46.3355,-23.4954],[-46.3343,-23.4975],[-46.3361,-23.5],[-46.3342,-23.5014],[-46.3333,-23.4994],[-46.3319,-23.5012],[-46.3305,-23.5],[-46.3299,-23.5057],[-46.3485,-23.5079],[-46.3536,-23.5048],[-46.3664,-23.5122],[-46.3664,-23.5121]]]]}},{"type":"Feature","properties":{"CD_MUN":"3506607","NM_MUN":"Biritiba Mirim"},"geometry":{"type":"MultiPolygon","coordinates":[[[[-46.1073,-23.7314],[-46.1048,-23.7295],[-46.0998,-23.7291],[-46.097,-23.7263],[-46.1015,-23.7229],[-46.1009,-23.7185],[-46.0991,-23.7128],[-46.0932,-23.7049],[-46.0867,-23.6885],[-46.0827,-23.683],[-46.0815,-23.6737],[-46.0827,-23.6647],[-46.0912,-23.6652],[-46.0963,-23.6675],[-46.1003,-23.6677],[-46.1031,-23.666],[-46.1005,-23.6619],[-46.0975,-23.6603],[-46.098,-23.6523],[-46.0919,-23.6479],[-46.0909,-23.6422],[-46.0888,-23.6407],[-46.0889,-23.6365],[-46.0946,-23.625],[-46.0947,-23.622],[-46.0887,-23.6143],[-46.0876,-23.6026],[-46.0913,-23.593],[-46.0897,-23.5895],[-46.0906,-23.5825],[-46.0879,-23.5776],[-46.0891,-23.5708],[-46.0939,-23.5652],[-46.0944,-23.5624],[-46.0995,-23.5606],[-46.1023,-23.5556],[-46.1065,-23.5554],[-46.1112,-23.5527],[-46.1088,-23.551],[-46.11,-23.5483],[-46.1085,-23.5474],[-46.1121,-23.5408],[-46.1108,-23.5352],[-46.1083,-23.5311],[-46.0996,-23.5241],[-46.1,-23.5214],[-46.108,-23.5114],[-46.1035,-23.5123],[-46.1035,-23.5074],[-46.0983,-23.5069],[-46.0976,-23.51],[-46.0942,-23.5107],[-46.0881,-23.508],[-46.0855,-23.5129],[-46.077,-23.5147],[-46.0776,-23.5169],[-46.0753,-23.5182],[-46.0747,-23.5213],[-46.0714,-23.523],[-46.0758,-23.5281],[-46.0761,-23.5338],[-46.0713,-23.5373],[-46.057,-23.5422],[-46.0528,-23.5411],[-46.0511,-23.539],[-46.0411,-23.5383],[-46.0357,-23.5322],[-46.0361,-23.5283],[-46.0342,-23.5254],[-46.0283,-23.5268],[-46.0261,-23.5304],[-46.0212,-23.5312],[-46.0181,-23.5288],[-46.0147,-23.5298],[-46.0126,-23.5279],[-46.0065,-23.528],[-46.0056,-23.5253],[-45.9984,-23.5192],[-45.9951,-23.521],[-45.9927,-23.5199],[-45.9857,-23.5244],[-45.9854,-23.5283],[-45.9811,-23.5294],[-45.9816,-23.5331],[-45.9887,-23.5378],[-45.9804,-23.5417],[-45.9696,-23.5389],[-45.968,-23.5406],[-45.9688,-23.5427],[-45.9653,-23.5437],[-45.9689,-23.5477],[-45.9651,-23.5534],[-45.9652,-23.5808],[-45.9483,-23.5809],[-45.9412,-23.583],[-45.9357,-23.5862],[-45.9304,-23.594],[-45.9289,-23.6036],[-45.9317,-23.6113],[-45.9514,-23.6282],[-45.9602,-23.6335],[-45.955,-23.6348],[-45.9484,-23.6339],[-45.9474,-23.6357],[-45.9395,-23.6322],[-45.9357,-23.6355],[-45.9326,-23.6327],[-45.9328,-23.6357],[-45.9285,-23.6372],[-45.9288,-23.6397],[-45.9327,-23.6413],[-45.9313,-23.643],[-45.9364,-23.6439],[-45.9369,-23.6466],[-45.9337,-23.6478],[-45.9321,-23.6514],[-45.9389,-23.6513],[-45.9392,-23.6527],[-45.9362,-23.6545],[-45.9383,-23.6582],[-45.931,-23.6607],[-45.9287,-23.6576],[-45.9239,-23.6566],[-45.925,-23.6555],[-45.9217,-23.6558],[-45.9224,-23.658],[-45.9203,-23.6582],[-45.921,-23.6641],[-45.917,-23.6652],[-45.916,-23.668],[-45.9176,-23.6696],[-45.9182,-23.6776],[-45.9244,-23.6813],[-45.9197,-23.6883],[-45.9243,-23.6899],[-45.926,-23.6937],[-45.931,-23.6979],[-45.9361,-23.7012],[-45.9401,-23.7015],[-45.9418,-23.6999],[-45.9505,-23.7023],[-45.9515,-23.6997],[-45.9568,-23.7003],[-45.9541,-23.6956],[-45.955,-23.6941],[-45.9695,-23.6969],[-45.9713,-23.6947],[-45.9765,-23.694],[-45.9871,-23.6994],[-45.9922,-23.7056],[-45.9969,-23.7045],[-46.0086,-23.7087],[-46.0164,-23.7147],[-46.0258,-23.7156],[-46.0269,-23.718],[-46.0309,-23.7201],[-46.0433,-23.7201],[-46.0565,-23.716],[-46.0651,-23.7223],[-46.0674,-23.7288],[-46.0774,-23.7326],[-46.0944,-23.7336],[-46.1028,-23.7363],[-46.1038,-23.7337],[-46.1072,-23.7318],[-46.1073,-23.7314]]]]}},{"type":"Feature","properties":{"CD_MUN":"3522208","NM_MUN":"Itapecerica da Serra"},"geometry":{"type":"MultiPolygon","coordinates":[[[[-46.8571,-23.7997],[-46.8653,-23.8046],[-46.8686,-23.7997],[-46.8723,-23.8004],[-46.8779,-23.796],[-46.8814,-23.7899],[-46.8932,-23.7955],[-46.8991,-23.7959],[-46.8995,-23.7919],[-46.9033,-23.7903],[-46.9048,-23.7879],[-46.9104,-23.7853],[-46.9091,-23.7917],[-46.9118,-23.7913],[-46.9152,-23.7832],[-46.9312,-23.7779],[-46.9369,-23.7739],[-46.9344,-23.772],[-46.9361,-23.7659],[-46.9335,-23.7649],[-46.9297,-23.7591],[-46.9313,-23.7546],[-46.93,-23.7515],[-46.9276,-23.751],[-46.9341,-23.7391],[-46.9333,-23.7364],[-46.9277,-23.7302],[-46.9233,-23.7324],[-46.9227,-23.7276],[-46.9159,-23.7258],[-46.9038,-23.7119],[-46.9022,-23.7022],[-46.9001,-23.7009],[-46.9002,-23.6902],[-46.899,-23.6906],[-46.8976,-23.6883],[-46.8977,-23.6819],[-46.8951,-23.6802],[-46.8974,-23.6771],[-46.8899,-23.6663],[-46.8721,-23.6801],[-46.8715,-23.6838],[-46.8607,-23.6816],[-46.8493,-23.6855],[-46.8461,-23.6812],[-46.831,-23.6777],[-46.8271,-23.6746],[-46.8218,-23.6798],[-46.8231,-23.683],[-46.8204,-23.6878],[-46.8164,-23.686],[-46.8142,-23.6885],[-46.8017,-23.6855],[-46.797,-23.6951],[-46.801,-23.6979],[-46.7916,-23.7018],[-46.7931,-23.7102],[-46.7917,-23.7188],[-46.7949,-23.7267],[-46.7986,-23.7295],[-46.7956,-23.7359],[-46.7961,-23.7387],[-46.79,-23.7411],[-46.7906,-23.7439],[-46.7818,-23.7508],[-46.779,-23.7499],[-46.7762,-23.753],[-46.7721,-23.7519],[-46.7698,-23.754],[-46.7693,-23.7606],[-46.7731,-23.7656],[-46.7773,-23.7667],[-46.7822,-23.7646],[-46.7862,-23.7663],[-46.787,-23.7652],[-46.7928,-23.766],[-46.7998,-23.7708],[-46.8061,-23.7668],[-46.8106,-23.7665],[-46.8147,-23.7689],[-46.8185,-23.7667],[-46.823,-23.7681],[-46.8308,-23.7794],[-46.8347,-23.7804],[-46.8387,-23.7776],[-46.8399,-23.7784],[-46.8395,-23.7829],[-46.844,-23.7843],[-46.8451,-23.7902],[-46.8491,-23.7931],[-46.8501,-23.7962],[-46.8567,-23.7949],[-46.8571,-23.7997],[-46.8571,-23.7997]]]]}},{"type":"Feature","properties":{"CD_MUN":"3546801","NM_MUN":"Santa Isabel"},"geometry":{"type":"MultiPolygon","coordinates":[[[[-46.2719,-23.3905],[-46.2943,-23.3689],[-46.2916,-23.3463],[-46.2939,-23.3394],[-46.29,-23.3372],[-46.2942,-23.3335],[-46.2969,-23.3335],[-46.2983,-23.3312],[-46.2964,-23.3293],[-46.2998,-23.3237],[-46.3038,-23.3249],[-46.3037,-23.3219],[-46.3054,-23.3214],[-46.3125,-23.3247],[-46.3125,-23.322],[-46.3197,-23.3265],[-46.3233,-23.3269],[-46.3227,-23.3284],[-46.327,-23.3276],[-46.3294,-23.3308],[-46.3318,-23.3299],[-46.3347,-23.3319],[-46.3352,-23.335],[-46.3388,-23.3341],[-46.3363,-23.3336],[-46.3369,-23.3289],[-46.3499,-23.3292],[-46.3539,-23.3268],[-46.3582,-23.317],[-46.355,-23.3119],[-46.3554,-23.3095],[-46.3584,-23.3074],[-46.355,-23.298],[-46.3579,-23.2936],[-46.3562,-23.2889],[-46.3604,-23.2841],[-46.3641,-23.2745],[-46.3569,-23.2726],[-46.3593,-23.2711],[-46.3598,-23.2678],[-46.3579,-23.2656],[-46.3538,-23.265],[-46.3538,-23.2624],[-46.3504,-23.2588],[-46.3481,-23.2526],[-46.3377,-23.2508],[-46.3331,-23.247],[-46.3296,-23.2463],[-46.3268,-23.2409],[-46.3114,-23.2273],[-46.3055,-23.213],[-46.31,-23.205],[-46.3076,-23.2029],[-46.309,-23.2002],[-46.308,-23.1983],[-46.2969,-23.197],[-46.2865,-23.1913],[-46.283,-23.1837],[-46.2758,-23.1849],[-46.2681,-23.1906],[-46.2622,-23.1864],[-46.2571,-23.186],[-46.251,-23.1895],[-46.2443,-23.1852],[-46.24,-23.1878],[-46.2358,-23.1865],[-46.2327,-23.1902],[-46.2287,-23.1893],[-46.225,-23.1962],[-46.2149,-23.2003],[-46.2117,-23.2039],[-46.2082,-23.2052],[-46.2066,-23.2085],[-46.1988,-23.2087],[-46.1985,-23.2117],[-46.1963,-23.2116],[-46.1951,-23.2165],[-46.1963,-23.2193],[-46.191,-23.2213],[-46.1891,-23.2246],[-46.1828,-23.2246],[-46.1822,-23.2271],[-46.1801,-23.2266],[-46.1757,-23.2314],[-46.1732,-23.2316],[-46.1723,-23.2299],[-46.1692,-23.2305],[-46.165,-23.2354],[-46.1629,-23.2343],[-46.1572,-23.2364],[-46.1531,-23.2353],[-46.1546,-23.2405],[-46.1575,-23.2421],[-46.1584,-23.2467],[-46.1563,-23.2504],[-46.1573,-23.2551],[-46.1519,-23.2575],[-46.1461,-23.257],[-46.1506,-23.2615],[-46.1505,-23.2641],[-46.1536,-23.2659],[-46.152,-23.2675],[-46.1511,-23.2742],[-46.1455,-23.2734],[-46.1442,-23.2764],[-46.1395,-23.2798],[-46.1392,-23.2851],[-46.1367,-23.2875],[-46.1271,-23.2872],[-46.1232,-23.2902],[-46.1194,-23.2855],[-46.1143,-23.2853],[-46.1127,-23.2886],[-46.1152,-23.2952],[-46.1138,-23.2993],[-46.1103,-23.3018],[-46.1028,-23.3029],[-46.1007,-23.3056],[-46.1018,-23.3092],[-46.1054,-23.311],[-46.1127,-23.3097],[-46.1149,-23.3136],[-46.1246,-23.3207],[-46.1315,-23.3226],[-46.1341,-23.3264],[-46.1394,-23.3292],[-46.1402,-23.3284],[-46.1476,-23.3352],[-46.1514,-23.3362],[-46.1521,-23.3385],[-46.1562,-23.3398],[-46.1577,-23.3431],[-46.1632,-23.3463],[-46.1617,-23.3501],[-46.1651,-23.3528],[-46.1673,-23.3578],[-46.1752,-23.3584],[-46.1803,-23.3564],[-46.1839,-23.3576],[-46.1881,-23.3606],[-46.1893,-23.3636],[-46.1929,-23.3632],[-46.2029,-23.3679],[-46.2045,-23.3716],[-46.2114,-23.3745],[-46.2118,-23.3782],[-46.2159,-23.3778],[-46.2195,-23.3859],[-46.2263,-23.3831],[-46.2317,-23.3906],[-46.241,-23.3924],[-46.2406,-23.4004],[-46.2443,-23.4029],[-46.2421,-23.4048],[-46.2452,-23.4077],[-46.2488,-23.4053],[-46.2514,-23.4064],[-46.2536,-23.4048],[-46.2561,-23.4061],[-46.2586,-23.4003],[-46.2656,-23.3971],[-46.2718,-23.3907],[-46.2719,-23.3905]]]]}},{"type":"Feature","properties":{"CD_MUN":"3522505","NM_MUN":"Itapevi"},"geometry":{"type":"MultiPolygon","coordinates":[[[[-46.9594,-23.6004],[-46.9618,-23.6026],[-46.9666,-23.6012],[-46.9736,-23.6038],[-46.9822,-23.6012],[-46.9891,-23.6028],[-46.9921,-23.5947],[-46.9992,-23.5935],[-47.0003,-23.5903],[-46.9968,-23.5795],[-47.0012,-23.5805],[-47.0082,-23.5779],[-47.0105,-23.5805],[-47.0156,-23.5814],[-47.0202,-23.586],[-47.0223,-23.5821],[-47.0281,-23.5813],[-47.0248,-23.58],[-47.0246,-23.5767],[-47.0295,-23.5715],[-47.0299,-23.5681],[-47.0205,-23.5674],[-47.0189,-23.5643],[-47.0144,-23.5634],[-47.0154,-23.5602],[-47.006,-23.5541],[-47.0079,-23.5508],[-47.0123,-23.55],[-47.0132,-23.5364],[-46.9968,-23.5321],[-46.9909,-23.5279],[-46.9928,-23.5263],[-46.9921,-23.525],[-46.997,-23.522],[-46.9965,-23.5149],[-46.9936,-23.5109],[-46.9947,-23.5072],[-46.9878,-23.5078],[-46.9881,-23.5059],[-46.985,-23.5034],[-46.9781,-23.5052],[-46.977,-23.5031],[-46.9666,-23.5013],[-46.9659,-23.4984],[-46.9531,-23.5054],[-46.9456,-23.5049],[-46.9442,-23.5075],[-46.9295,-23.5139],[-46.929,-23.5177],[-46.9304,-23.5196],[-46.9289,-23.5237],[-46.922,-23.5233],[-46.919,-23.5285],[-46.9199,-23.5324],[-46.9157,-23.5382],[-46.9176,-23.5425],[-46.917,-23.5461],[-46.9111,-23.5523],[-46.9079,-23.5528],[-46.9079,-23.5585],[-46.9111,-23.5631],[-46.9187,-23.5654],[-46.9291,-23.5632],[-46.9293,-23.5656],[-46.9401,-23.5711],[-46.9402,-23.5753],[-46.9471,-23.5801],[-46.9488,-23.5862],[-46.9567,-23.5905],[-46.9592,-23.6001],[-46.9594,-23.6004]]]]}},{"type":"Feature","properties":{"CD_MUN":"3530607","NM_MUN":"Mogi das Cruzes"},"geometry":{"type":"MultiPolygon","coordinates":[[[[-46.2484,-23.7555],[-46.2495,-23.7575],[-46.2558,-23.7601],[-46.2556,-23.7636],[-46.2601,-23.7679],[-46.2734,-23.766],[-46.2784,-23.7703],[-46.2836,-23.7668],[-46.2857,-23.758],[-46.2945,-23.7488],[-46.302,-23.7513],[-46.3061,-23.748],[-46.3122,-23.7473],[-46.3153,-23.7446],[-46.3219,-23.7444],[-46.3127,-23.7406],[-46.308,-23.7359],[-46.3063,-23.7314],[-46.2973,-23.7234],[-46.2952,-23.7187],[-46.2967,-23.7154],[-46.2952,-23.7109],[-46.2979,-23.7049],[-46.2971,-23.7035],[-46.2782,-23.6911],[-46.2709,-23.6889],[-46.2667,-23.6857],[-46.266,-23.6844],[-46.2674,-23.683],[-46.2646,-23.6766],[-46.2605,-23.6735],[-46.2602,-23.6695],[-46.2582,-23.6701],[-46.2571,-23.6678],[-46.259,-23.6663],[-46.2577,-23.6627],[-46.2587,-23.6599],[-46.2574,-23.6596],[-46.2579,-23.6564],[-46.2544,-23.6502],[-46.2574,-23.646],[-46.2584,-23.6418],[-46.257,-23.6406],[-46.2596,-23.6375],[-46.2592,-23.6349],[-46.2622,-23.6319],[-46.2643,-23.6318],[-46.2647,-23.6285],[-46.2615,-23.6206],[-46.2619,-23.615],[-46.259,-23.6118],[-46.2635,-23.6093],[-46.2651,-23.6065],[-46.2662,-23.6034],[-46.265,-23.6007],[-46.2681,-23.5922],[-46.279,-23.5788],[-46.2807,-23.5725],[-46.285,-23.566],[-46.2805,-23.5591],[-46.2807,-23.5563],[-46.2788,-23.5552],[-46.2814,-23.5509],[-46.2795,-23.5459],[-46.2713,-23.5449],[-46.2705,-23.5399],[-46.2681,-23.5397],[-46.2694,-23.5375],[-46.2633,-23.5344],[-46.2648,-23.5324],[-46.2622,-23.5242],[-46.2661,-23.5197],[-46.2675,-23.5137],[-46.2695,-23.5128],[-46.2681,-23.5107],[-46.269,-23.504],[-46.2644,-23.4977],[-46.2651,-23.4889],[-46.2676,-23.4859],[-46.2717,-23.4851],[-46.2883,-23.4896],[-46.2899,-23.4857],[-46.286,-23.4817],[-46.2812,-23.4812],[-46.2814,-23.4761],[-46.2861,-23.4662],[-46.287,-23.46],[-46.2798,-23.4571],[-46.278,-23.453],[-46.2742,-23.4504],[-46.2741,-23.448],[-46.2759,-23.4465],[-46.2733,-23.445],[-46.2732,-23.4375],[-46.2706,-23.4299],[-46.268,-23.4302],[-46.2603,-23.4265],[-46.2598,-23.4229],[-46.2571,-23.422],[-46.2578,-23.4204],[-46.2555,-23.4193],[-46.2561,-23.4179],[-46.2491,-23.4145],[-46.2505,-23.4081],[-46.2477,-23.4056],[-46.2462,-23.4078],[-46.2424,-23.4053],[-46.2443,-23.4029],[-46.2406,-23.4004],[-46.2413,-23.3927],[-46.2317,-23.3906],[-46.2263,-23.3831],[-46.2195,-23.3859],[-46.2159,-23.3778],[-46.2118,-23.3782],[-46.2114,-23.3745],[-46.2045,-23.3716],[-46.2029,-23.3679],[-46.1929,-23.3632],[-46.1893,-23.3636],[-46.1881,-23.3606],[-46.1839,-23.3576],[-46.1803,-23.3564],[-46.1752,-23.3584],[-46.1673,-23.3578],[-46.1651,-23.3528],[-46.1617,-23.3501],[-46.1632,-23.3463],[-46.1574,-23.3428],[-46.1549,-23.36],[-46.156,-23.363],[-46.1529,-23.3675],[-46.1563,-23.3714],[-46.1587,-23.3798],[-46.1578,-23.3824],[-46.1605,-23.3883],[-46.1588,-23.392],[-46.1548,-23.394],[-46.1481,-23.4019],[-46.1476,-23.4079],[-46.1427,-23.411],[-46.1421,-23.4151],[-46.1538,-23.4236],[-46.1551,-23.4266],[-46.1397,-23.4404],[-46.1341,-23.437],[-46.1313,-23.4381],[-46.1279,-23.4358],[-46.1216,-23.4354],[-46.1143,-23.4384],[-46.1118,-23.4458],[-46.1066,-23.4482],[-46.1056,-23.4554],[-46.1026,-23.454],[-46.0999,-23.4556],[-46.0899,-23.4518],[-46.0837,-23.4527],[-46.0779,-23.451],[-46.0741,-23.4523],[-46.0591,-23.465],[-46.0567,-23.4688],[-46.0538,-23.4735],[-46.0544,-23.4795],[-46.0519,-23.4822],[-46.0532,-23.485],[-46.0511,-23.4888],[-46.0638,-23.4929],[-46.0663,-23.5074],[-46.0701,-23.5091],[-46.072,-23.5122],[-46.0766,-23.5099],[-46.0784,-23.5127],[-46.077,-23.5147],[-46.0855,-23.5129],[-46.0881,-23.508],[-46.0942,-23.5107],[-46.0976,-23.51],[-46.0983,-23.5069],[-46.1031,-23.5072],[-46.1035,-23.5123],[-46.108,-23.5112],[-46.1,-23.5214],[-46.0996,-23.5241],[-46.1083,-23.5311],[-46.1108,-23.5352],[-46.1121,-23.5408],[-46.1085,-23.5474],[-46.11,-23.5483],[-46.1088,-23.551],[-46.1112,-23.5527],[-46.1065,-23.5554],[-46.1023,-23.5556],[-46.0995,-23.5606],[-46.0944,-23.5624],[-46.0939,-23.5652],[-46.0891,-23.5708],[-46.0879,-23.5771],[-46.0906,-23.5825],[-46.0897,-23.5895],[-46.0913,-23.593],[-46.0876,-23.6026],[-46.0891,-23.6087],[-46.0881,-23.612],[-46.0917,-23.6194],[-46.0947,-23.622],[-46.0884,-23.6386],[-46.0909,-23.6422],[-46.0919,-23.6479],[-46.0986,-23.6535],[-46.0978,-23.6609],[-46.1004,-23.6618],[-46.1031,-23.666],[-46.1003,-23.6677],[-46.0963,-23.6675],[-46.0842,-23.6643],[-46.0825,-23.665],[-46.0816,-23.6683],[-46.0827,-23.683],[-46.0896,-23.6945],[-46.0932,-23.7049],[-46.0991,-23.7128],[-46.0997,-23.7174],[-46.1009,-23.7185],[-46.1039,-23.7155],[-46.1031,-23.7127],[-46.1046,-23.7112],[-46.1141,-23.7179],[-46.1185,-23.7158],[-46.1223,-23.7187],[-46.1236,-23.7174],[-46.1225,-23.7147],[-46.1241,-23.7151],[-46.1261,-23.7129],[-46.1318,-23.7249],[-46.1363,-23.7247],[-46.1378,-23.7264],[-46.1476,-23.7282],[-46.1504,-23.7327],[-46.1557,-23.7362],[-46.1586,-23.7322],[-46.1637,-23.7326],[-46.1657,-23.7344],[-46.1701,-23.7322],[-46.1743,-23.7359],[-46.1769,-23.7359],[-46.1785,-23.7458],[-46.1864,-23.7447],[-46.1941,-23.7542],[-46.2011,-23.7513],[-46.2081,-23.7513],[-46.208,-23.7455],[-46.2102,-23.7417],[-46.2178,-23.7441],[-46.2228,-23.7404],[-46.2252,-23.7405],[-46.227,-23.737],[-46.2351,-23.7372],[-46.239,-23.7354],[-46.2419,-23.741],[-46.2479,-23.7463],[-46.2467,-23.7525],[-46.2483,-23.7554],[-46.2484,-23.7555]]]]}},{"type":"Feature","properties":{"CD_MUN":"3513801","NM_MUN":"Diadema"},"geometry":{"type":"MultiPolygon","coordinates":[[[[-46.616,-23.7381],[-46.6196,-23.7391],[-46.6245,-23.736],[-46.6263,-23.7374],[-46.6309,-23.7346],[-46.6342,-23.7362],[-46.6399,-23.7317],[-46.6458,-23.7323],[-46.6542,-23.7305],[-46.648,-23.7299],[-46.637,-23.7259],[-46.6278,-23.7162],[-46.6227,-23.716],[-46.6168,-23.7109],[-46.6172,-23.7083],[-46.6246,-23.7055],[-46.6242,-23.7019],[-46.6267,-23.7023],[-46.6293,-23.6995],[-46.629,-23.6979],[-46.6318,-23.6965],[-46.6327,-23.6915],[-46.6356,-23.691],[-46.6334,-23.687],[-46.633,-23.6817],[-46.6303,-23.6795],[-46.6309,-23.6731],[-46.627,-23.6689],[-46.6266,-23.6601],[-46.6233,-23.6613],[-46.617,-23.6576],[-46.6131,-23.6634],[-46.6131,-23.6665],[-46.6089,-23.6691],[-46.6017,-23.6628],[-46.5963,-23.6635],[-46.6002,-23.6704],[-46.5911,-23.6771],[-46.5832,-23.6725],[-46.5777,-23.6722],[-46.5808,-23.6773],[-46.5786,-23.6804],[-46.5802,-23.6847],[-46.5793,-23.691],[-46.588,-23.6973],[-46.591,-23.7072],[-46.5993,-23.7128],[-46.6007,-23.7164],[-46.6049,-23.7183],[-46.6062,-23.7257],[-46.6049,-23.7308],[-46.61,-23.7343],[-46.6124,-23.7382],[-46.6159,-23.738],[-46.616,-23.7381]]]]}},{"type":"Feature","properties":{"CD_MUN":"3505708","NM_MUN":"Barueri"},"geometry":{"type":"MultiPolygon","coordinates":[[[[-46.8891,-23.5516],[-46.8911,-23.5499],[-46.8911,-23.5426],[-46.8947,-23.5393],[-46.8919,-23.5316],[-46.8946,-23.5253],[-46.9032,-23.5228],[-46.9064,-23.5198],[-46.91,-23.5219],[-46.9133,-23.5204],[-46.9154,-23.5176],[-46.9161,-23.5124],[-46.9183,-23.5145],[-46.9244,-23.5158],[-46.9442,-23.5075],[-46.9456,-23.5049],[-46.9531,-23.5054],[-46.9661,-23.4983],[-46.9636,-23.4939],[-46.9559,-23.4897],[-46.956,-23.4854],[-46.9542,-23.4862],[-46.9534,-23.4838],[-46.9469,-23.4849],[-46.944,-23.4881],[-46.9423,-23.486],[-46.9259,-23.4888],[-46.9198,-23.487],[-46.9154,-23.4883],[-46.9125,-23.4913],[-46.9004,-23.4916],[-46.8966,-23.485],[-46.8888,-23.4841],[-46.8883,-23.4746],[-46.8795,-23.4714],[-46.8798,-23.4761],[-46.8775,-23.4804],[-46.8687,-23.4776],[-46.8616,-23.4829],[-46.8524,-23.484],[-46.8484,-23.481],[-46.8464,-23.4828],[-46.8443,-23.4818],[-46.8372,-23.4828],[-46.8352,-23.4846],[-46.8321,-23.4827],[-46.8207,-23.4807],[-46.814,-23.4861],[-46.813,-23.4845],[-46.8083,-23.4848],[-46.8061,-23.4732],[-46.8023,-23.4728],[-46.8005,-23.4696],[-46.7987,-23.4706],[-46.7998,-23.4722],[-46.7989,-23.4773],[-46.803,-23.4798],[-46.8002,-23.4828],[-46.8004,-23.4846],[-46.8044,-23.4859],[-46.8073,-23.494],[-46.8124,-23.499],[-46.8123,-23.5017],[-46.8084,-23.5066],[-46.8085,-23.51],[-46.8166,-23.517],[-46.8188,-23.5219],[-46.8264,-23.5215],[-46.8357,-23.5107],[-46.8385,-23.5113],[-46.8414,-23.5148],[-46.8507,-23.5166],[-46.8539,-23.5158],[-46.8602,-23.5233],[-46.8624,-23.5225],[-46.86,-23.5277],[-46.8625,-23.5306],[-46.8608,-23.5327],[-46.862,-23.5346],[-46.8608,-23.5372],[-46.8623,-23.5381],[-46.8626,-23.5422],[-46.8622,-23.5448],[-46.8606,-23.545],[-46.8731,-23.5505],[-46.8777,-23.5491],[-46.8855,-23.5537],[-46.8891,-23.5519],[-46.8891,-23.5516]]]]}},{"type":"Feature","properties":{"CD_MUN":"3529401","NM_MUN":"Mauá"},"geometry":{"type":"MultiPolygon","coordinates":[[[[-46.4917,-23.709],[-46.4891,-23.7068],[-46.4909,-23.7053],[-46.4911,-23.6978],[-46.4895,-23.6952],[-46.4861,-23.6938],[-46.4853,-23.689],[-46.483,-23.6874],[-46.4833,-23.6849],[-46.4803,-23.6808],[-46.481,-23.6736],[-46.49,-23.6617],[-46.4932,-23.66],[-46.4972,-23.6611],[-46.4995,-23.6567],[-46.496,-23.6563],[-46.4917,-23.6508],[-46.4815,-23.6483],[-46.4863,-23.6402],[-46.4828,-23.6302],[-46.4854,-23.623],[-46.4773,-23.626],[-46.4755,-23.6338],[-46.4723,-23.6389],[-46.4648,-23.6385],[-46.4583,-23.6419],[-46.4542,-23.6409],[-46.4467,-23.6441],[-46.4431,-23.644],[-46.4399,-23.6418],[-46.4326,-23.6417],[-46.431,-23.6405],[-46.4317,-23.6376],[-46.4297,-23.6364],[-46.4244,-23.6402],[-46.4232,-23.6448],[-46.4208,-23.6412],[-46.4154,-23.6386],[-46.415,-23.6365],[-46.4069,-23.6317],[-46.4081,-23.627],[-46.4068,-23.6238],[-46.401,-23.6223],[-46.3948,-23.6124],[-46.3899,-23.6123],[-46.3845,-23.6155],[-46.3839,-23.6177],[-46.3921,-23.6266],[-46.3922,-23.6293],[-46.3941,-23.6309],[-46.3944,-23.6372],[-46.4,-23.6447],[-46.3989,-23.6541],[-46.3919,-23.6692],[-46.3937,-23.6721],[-46.3964,-23.6709],[-46.3981,-23.6734],[-46.4031,-23.6761],[-46.4048,-23.6755],[-46.4068,-23.6792],[-46.4118,-23.6817],[-46.4123,-23.6847],[-46.4194,-23.6815],[-46.4222,-23.6784],[-46.4241,-23.6791],[-46.427,-23.6776],[-46.43,-23.6802],[-46.4305,-23.6847],[-46.4353,-23.6852],[-46.4431,-23.6937],[-46.4429,-23.6966],[-46.4486,-23.7003],[-46.4498,-23.7028],[-46.4609,-23.7066],[-46.4621,-23.7097],[-46.4688,-23.7127],[-46.4693,-23.7163],[-46.4761,-23.7164],[-46.475,-23.7183],[-46.4765,-23.7195],[-46.479,-23.7194],[-46.4833,-23.7162],[-46.4834,-23.7114],[-46.4898,-23.7114],[-46.4916,-23.7093],[-46.4917,-23.709]]]]}},{"type":"Feature","properties":{"CD_MUN":"3513009","NM_MUN":"Cotia"},"geometry":{"type":"MultiPolygon","coordinates":[[[[-47.0335,-23.7675],[-47.0328,-23.7641],[-47.0288,-23.7616],[-47.0286,-23.7574],[-47.0326,-23.7564],[-47.0347,-23.7579],[-47.0363,-23.7536],[-47.0351,-23.7506],[-47.0361,-23.7484],[-47.0336,-23.7474],[-47.0322,-23.743],[-47.0333,-23.7375],[-47.0344,-23.7356],[-47.0395,-23.7351],[-47.0409,-23.7368],[-47.0441,-23.7368],[-47.0478,-23.7344],[-47.0526,-23.7204],[-47.0563,-23.7187],[-47.0577,-23.7127],[-47.0625,-23.7086],[-47.0614,-23.7039],[-47.0594,-23.702],[-47.063,-23.6898],[-47.0622,-23.6825],[-47.0693,-23.6803],[-47.076,-23.6808],[-47.078,-23.6763],[-47.0767,-23.6733],[-47.0819,-23.671],[-47.0848,-23.6672],[-47.0819,-23.6643],[-47.0834,-23.6614],[-47.0819,-23.6606],[-47.0833,-23.658],[-47.0811,-23.6544],[-47.0823,-23.6536],[-47.079,-23.6539],[-47.0779,-23.6526],[-47.0765,-23.6537],[-47.0733,-23.6513],[-47.0744,-23.6498],[-47.0727,-23.6454],[-47.0669,-23.6462],[-47.0601,-23.6416],[-47.0581,-23.6357],[-47.0595,-23.6286],[-47.0449,-23.6316],[-47.0436,-23.6364],[-47.0365,-23.6402],[-47.0336,-23.6436],[-47.024,-23.6439],[-47.0174,-23.6567],[-47.012,-23.656],[-47.0043,-23.6623],[-46.9966,-23.6615],[-46.9965,-23.6683],[-46.9947,-23.6709],[-46.9923,-23.6668],[-46.9882,-23.6653],[-46.989,-23.66],[-46.9863,-23.6582],[-46.9857,-23.6543],[-46.9921,-23.6456],[-46.9898,-23.6413],[-46.9894,-23.6357],[-46.9872,-23.6331],[-46.9894,-23.6178],[-46.9881,-23.6127],[-46.9907,-23.6098],[-46.9836,-23.6057],[-46.9821,-23.6023],[-46.9775,-23.6016],[-46.974,-23.6038],[-46.9666,-23.6012],[-46.9616,-23.6025],[-46.9577,-23.5975],[-46.9567,-23.5905],[-46.9488,-23.5862],[-46.9471,-23.5801],[-46.9402,-23.5753],[-46.9401,-23.5711],[-46.9293,-23.5656],[-46.9291,-23.5632],[-46.9187,-23.5654],[-46.911,-23.5631],[-46.9084,-23.5668],[-46.9034,-23.5685],[-46.8912,-23.5675],[-46.8865,-23.5694],[-46.876,-23.5653],[-46.8757,-23.5709],[-46.8734,-23.5695],[-46.8707,-23.573],[-46.8674,-23.5732],[-46.8675,-23.5764],[-46.8649,-23.5778],[-46.8605,-23.5772],[-46.8591,-23.58],[-46.8535,-23.5829],[-46.8514,-23.5817],[-46.8439,-23.5827],[-46.8434,-23.5773],[-46.8346,-23.5766],[-46.83,-23.5813],[-46.8248,-23.5839],[-46.8212,-23.5843],[-46.8173,-23.5819],[-46.8167,-23.5881],[-46.8132,-23.5889],[-46.8133,-23.5935],[-46.818,-23.6002],[-46.8157,-23.6033],[-46.8104,-23.6049],[-46.8081,-23.6092],[-46.819,-23.6136],[-46.8226,-23.6191],[-46.8397,-23.6273],[-46.8484,-23.6197],[-46.8541,-23.6198],[-46.8561,-23.6131],[-46.8576,-23.6123],[-46.8638,-23.616],[-46.8698,-23.6242],[-46.8725,-23.6218],[-46.8781,-23.6213],[-46.8798,-23.6193],[-46.8857,-23.6199],[-46.8878,-23.6245],[-46.8961,-23.6287],[-46.9003,-23.628],[-46.9021,-23.6303],[-46.9079,-23.6308],[-46.907,-23.6328],[-46.9093,-23.6395],[-46.9085,-23.6419],[-46.9156,-23.6496],[-46.9149,-23.6522],[-46.9183,-23.6568],[-46.9178,-23.6598],[-46.9145,-23.6622],[-46.9034,-23.6648],[-46.9016,-23.6693],[-46.8938,-23.6696],[-46.8917,-23.6679],[-46.8916,-23.6705],[-46.8974,-23.6771],[-46.8951,-23.6802],[-46.8977,-23.6819],[-46.8976,-23.6883],[-46.899,-23.6906],[-46.9002,-23.6902],[-46.9001,-23.7009],[-46.9022,-23.7022],[-46.9038,-23.7119],[-46.9159,-23.7258],[-46.9227,-23.7276],[-46.9233,-23.7324],[-46.9277,-23.7302],[-46.9333,-23.7364],[-46.9341,-23.7391],[-46.9276,-23.751],[-46.93,-23.7515],[-46.9313,-23.7546],[-46.9297,-23.7591],[-46.9335,-23.7649],[-46.9361,-23.7659],[-46.9344,-23.772],[-46.939,-23.7779],[-46.9402,-23.7858],[-46.9475,-23.787],[-46.9508,-23.7927],[-46.9551,-23.7914],[-46.9584,-23.7922],[-46.9599,-23.7881],[-46.9659,-23.7841],[-46.9638,-23.7797],[-46.9673,-23.7745],[-46.9723,-23.779],[-46.9758,-23.7789],[-46.9822,-23.784],[-46.9823,-23.7873],[-46.9799,-23.79],[-46.9809,-23.7951],[-46.9836,-23.7976],[-46.9866,-23.7976],[-46.9935,-23.8034],[-46.9951,-23.8019],[-47.0007,-23.8016],[-47.0094,-23.7914],[-47.0141,-23.7922],[-47.0191,-23.7888],[-47.0236,-23.7797],[-47.0231,-23.7752],[-47.0252,-23.7743],[-47.026,-23.7717],[-47.0319,-23.7695],[-47.0332,-23.7676],[-47.0335,-23.7675]]]]}},{"type":"Feature","properties":{"CD_MUN":"3528502","NM_MUN":"Mairiporã"},"geometry":{"type":"MultiPolygon","coordinates":[[[[-46.6508,-23.4287],[-46.6569,-23.4303],[-46.6589,-23.4266],[-46.6636,-23.4246],[-46.6697,-23.4183],[-46.6641,-23.4065],[-46.6549,-23.395],[-46.6573,-23.394],[-46.6562,-23.3913],[-46.6592,-23.3897],[-46.6557,-23.3865],[-46.6567,-23.3841],[-46.6606,-23.3823],[-46.6595,-23.3812],[-46.6601,-23.3752],[-46.664,-23.376],[-46.6672,-23.3745],[-46.6702,-23.3631],[-46.6612,-23.3358],[-46.6579,-23.3309],[-46.6629,-23.3271],[-46.6632,-23.3252],[-46.6453,-23.3186],[-46.6454,-23.3119],[-46.6427,-23.3114],[-46.6418,-23.309],[-46.6358,-23.305],[-46.6387,-23.3003],[-46.6464,-23.2956],[-46.6477,-23.2874],[-46.651,-23.2882],[-46.6531,-23.2844],[-46.6594,-23.2833],[-46.6608,-23.2811],[-46.6585,-23.2776],[-46.656,-23.2784],[-46.648,-23.2757],[-46.648,-23.2732],[-46.6434,-23.2658],[-46.6382,-23.2652],[-46.6371,-23.2581],[-46.6345,-23.2574],[-46.6296,-23.2591],[-46.6264,-23.2562],[-46.6228,-23.2569],[-46.622,-23.2424],[-46.6175,-23.2401],[-46.6171,-23.2336],[-46.6145,-23.2307],[-46.6156,-23.2277],[-46.6099,-23.2258],[-46.6053,-23.2285],[-46.6041,-23.2352],[-46.6012,-23.2342],[-46.5937,-23.2366],[-46.5899,-23.2367],[-46.5834,-23.2328],[-46.5753,-23.2325],[-46.5683,-23.2337],[-46.5668,-23.2359],[-46.5634,-23.2366],[-46.5592,-23.2352],[-46.5535,-23.2362],[-46.5513,-23.2395],[-46.5462,-23.2414],[-46.5389,-23.2398],[-46.5286,-23.2415],[-46.5245,-23.2383],[-46.5154,-23.2375],[-46.5153,-23.2444],[-46.5135,-23.2472],[-46.5143,-23.2501],[-46.5031,-23.2479],[-46.4998,-23.2529],[-46.492,-23.2551],[-46.4828,-23.2654],[-46.4831,-23.2669],[-46.4782,-23.2697],[-46.476,-23.2752],[-46.4727,-23.2766],[-46.4708,-23.2827],[-46.4606,-23.2781],[-46.4618,-23.2723],[-46.4594,-23.2703],[-46.4539,-23.2731],[-46.4479,-23.27],[-46.4472,-23.2714],[-46.4397,-23.2734],[-46.4343,-23.2796],[-46.4374,-23.2846],[-46.4275,-23.2916],[-46.4277,-23.2947],[-46.4254,-23.2974],[-46.4259,-23.302],[-46.4216,-23.3076],[-46.4183,-23.316],[-46.4237,-23.3163],[-46.423,-23.3194],[-46.4255,-23.3235],[-46.4287,-23.3247],[-46.4303,-23.3288],[-46.4333,-23.3302],[-46.4319,-23.3359],[-46.4386,-23.339],[-46.4399,-23.3421],[-46.4438,-23.3403],[-46.4435,-23.3432],[-46.4489,-23.3499],[-46.4442,-23.355],[-46.4451,-23.359],[-46.4477,-23.3574],[-46.4686,-23.3566],[-46.4742,-23.3618],[-46.4779,-23.3609],[-46.4808,-23.3622],[-46.4875,-23.3576],[-46.4871,-23.351],[-46.4945,-23.3483],[-46.5006,-23.3522],[-46.5059,-23.3505],[-46.5107,-23.3557],[-46.5158,-23.3539],[-46.5209,-23.3542],[-46.5248,-23.3584],[-46.5363,-23.3636],[-46.5439,-23.3578],[-46.5503,-23.357],[-46.5523,-23.3578],[-46.5557,-23.3641],[-46.5658,-23.3712],[-46.569,-23.3756],[-46.5804,-23.3734],[-46.5809,-23.3767],[-46.5858,-23.3807],[-46.5884,-23.3802],[-46.5915,-23.384],[-46.6009,-23.3888],[-46.5984,-23.3923],[-46.5993,-23.3953],[-46.6055,-23.3971],[-46.6103,-23.4044],[-46.613,-23.4046],[-46.611,-23.4105],[-46.6144,-23.4122],[-46.6121,-23.4173],[-46.6198,-23.419],[-46.6203,-23.4171],[-46.623,-23.4166],[-46.6217,-23.4224],[-46.6264,-23.4227],[-46.6323,-23.4285],[-46.6395,-23.4273],[-46.6507,-23.4287],[-46.6508,-23.4287]]]]}},{"type":"Feature","properties":{"CD_MUN":"3503901","NM_MUN":"Arujá"},"geometry":{"type":"MultiPolygon","coordinates":[[[[-46.2771,-23.4343],[-46.2783,-23.4332],[-46.2846,-23.4353],[-46.2892,-23.4344],[-46.2935,-23.4298],[-46.2976,-23.4309],[-46.2977,-23.4291],[-46.3034,-23.424],[-46.31,-23.4241],[-46.313,-23.4163],[-46.3172,-23.4202],[-46.3173,-23.4238],[-46.3219,-23.4253],[-46.3255,-23.4236],[-46.3281,-23.4247],[-46.3404,-23.4232],[-46.3479,-23.4201],[-46.3526,-23.4208],[-46.3547,-23.4235],[-46.3549,-23.4271],[-46.3592,-23.428],[-46.3567,-23.4345],[-46.3584,-23.4371],[-46.3666,-23.4308],[-46.3675,-23.4226],[-46.3724,-23.414],[-46.3712,-23.4124],[-46.3755,-23.4084],[-46.3747,-23.4049],[-46.3776,-23.402],[-46.3768,-23.3924],[-46.3702,-23.3894],[-46.3712,-23.3859],[-46.3694,-23.3757],[-46.3708,-23.3744],[-46.3712,-23.3675],[-46.3699,-23.365],[-46.3649,-23.3633],[-46.363,-23.3592],[-46.3587,-23.3589],[-46.3585,-23.356],[-46.3558,-23.353],[-46.3469,-23.3479],[-46.3437,-23.3422],[-46.3419,-23.3416],[-46.3395,-23.3338],[-46.3352,-23.335],[-46.3347,-23.3319],[-46.3316,-23.3298],[-46.3294,-23.3308],[-46.327,-23.3276],[-46.3227,-23.3284],[-46.3233,-23.3269],[-46.3197,-23.3265],[-46.3125,-23.322],[-46.3117,-23.3247],[-46.3052,-23.3214],[-46.3037,-23.3219],[-46.3038,-23.3249],[-46.3022,-23.3235],[-46.2991,-23.3246],[-46.2986,-23.3275],[-46.2964,-23.3293],[-46.2983,-23.3312],[-46.2969,-23.3335],[-46.2942,-23.3335],[-46.29,-23.3372],[-46.2939,-23.3394],[-46.2916,-23.3457],[-46.2941,-23.3612],[-46.2936,-23.3703],[-46.2656,-23.3971],[-46.2586,-23.4003],[-46.2561,-23.4061],[-46.2536,-23.4048],[-46.2514,-23.4064],[-46.2481,-23.4059],[-46.2505,-23.4081],[-46.2491,-23.4145],[-46.2561,-23.4179],[-46.2555,-23.4193],[-46.2578,-23.4204],[-46.2571,-23.422],[-46.2598,-23.4229],[-46.2603,-23.4265],[-46.268,-23.4302],[-46.2729,-23.4292],[-46.2737,-23.433],[-46.2771,-23.4343],[-46.2771,-23.4343]]]]}},{"type":"Feature","properties":{"CD_MUN":"3545001","NM_MUN":"Salesópolis"},"geometry":{"type":"MultiPolygon","coordinates":[[[[-45.7433,-23.6011],[-45.7414,-23.6038],[-45.7357,-23.6036],[-45.7239,-23.5982],[-45.7215,-23.5999],[-45.7215,-23.6063],[-45.7153,-23.6088],[-45.7059,-23.6016],[-45.703,-23.6042],[-45.7018,-23.6092],[-45.7035,-23.6112],[-45.6975,-23.6202],[-45.6978,-23.625],[-45.6948,-23.6308],[-45.7017,-23.6355],[-45.7075,-23.6448],[-45.7103,-23.6453],[-45.7114,-23.6422],[-45.7138,-23.643],[-45.7278,-23.6557],[-45.7337,-23.6564],[-45.7417,-23.6682],[-45.7535,-23.6713],[-45.7626,-23.6707],[-45.7694,-23.6785],[-45.7777,-23.6831],[-45.7843,-23.6817],[-45.7862,-23.6784],[-45.7916,-23.6832],[-45.7961,-23.683],[-45.794,-23.6802],[-45.7982,-23.6754],[-45.8159,-23.6769],[-45.8206,-23.6749],[-45.8234,-23.6762],[-45.826,-23.6744],[-45.8304,-23.6746],[-45.8294,-23.6724],[-45.8326,-23.6699],[-45.838,-23.6691],[-45.8349,-23.6646],[-45.8311,-23.6633],[-45.8331,-23.6559],[-45.831,-23.6518],[-45.8342,-23.6483],[-45.842,-23.6485],[-45.8454,-23.6435],[-45.8473,-23.6456],[-45.8484,-23.644],[-45.8504,-23.6442],[-45.8507,-23.6477],[-45.8547,-23.6467],[-45.8546,-23.6492],[-45.8565,-23.6506],[-45.8554,-23.6533],[-45.8577,-23.6553],[-45.8633,-23.6521],[-45.87,-23.6552],[-45.8721,-23.6548],[-45.8731,-23.6526],[-45.8756,-23.6542],[-45.8835,-23.6534],[-45.8869,-23.6573],[-45.8946,-23.6553],[-45.8997,-23.6559],[-45.9007,-23.659],[-45.9055,-23.6608],[-45.9056,-23.6643],[-45.9119,-23.6644],[-45.9161,-23.6669],[-45.917,-23.6652],[-45.921,-23.6641],[-45.9203,-23.6582],[-45.9224,-23.658],[-45.9217,-23.6558],[-45.925,-23.6555],[-45.9239,-23.6566],[-45.9287,-23.6576],[-45.931,-23.6607],[-45.9383,-23.6582],[-45.9362,-23.6545],[-45.9392,-23.6527],[-45.9389,-23.6513],[-45.9321,-23.6514],[-45.9337,-23.6478],[-45.9369,-23.6466],[-45.9364,-23.6439],[-45.9313,-23.643],[-45.9327,-23.6413],[-45.9285,-23.639],[-45.9285,-23.6372],[-45.9328,-23.6357],[-45.9322,-23.6328],[-45.9357,-23.6355],[-45.9395,-23.6322],[-45.9474,-23.6357],[-45.9484,-23.6339],[-45.955,-23.6348],[-45.9602,-23.6335],[-45.9514,-23.6282],[-45.9317,-23.6113],[-45.9289,-23.6036],[-45.9304,-23.594],[-45.9357,-23.5862],[-45.9412,-23.583],[-45.9483,-23.5809],[-45.9652,-23.5808],[-45.9651,-23.5534],[-45.9689,-23.5477],[-45.9653,-23.5437],[-45.9688,-23.5427],[-45.968,-23.5406],[-45.9696,-23.5389],[-45.9804,-23.5417],[-45.9887,-23.5378],[-45.9816,-23.5331],[-45.9811,-23.5294],[-45.9854,-23.5283],[-45.9857,-23.5244],[-45.9927,-23.5199],[-45.9859,-23.5173],[-45.9841,-23.518],[-45.975,-23.5033],[-45.9621,-23.4971],[-45.961,-23.4988],[-45.9497,-23.5005],[-45.9466,-23.496],[-45.9394,-23.4944],[-45.9342,-23.4972],[-45.9304,-23.4973],[-45.9288,-23.4992],[-45.9215,-23.5005],[-45.9175,-23.5058],[-45.9139,-23.5051],[-45.9113,-23.5068],[-45.9031,-23.5051],[-45.899,-23.4986],[-45.8901,-23.4964],[-45.8877,-23.4925],[-45.8827,-23.4954],[-45.8776,-23.49],[-45.8716,-23.4899],[-45.8658,-23.4833],[-45.8521,-23.4808],[-45.8467,-23.4741],[-45.8431,-23.4743],[-45.8401,-23.4721],[-45.8365,-23.4753],[-45.8373,-23.4793],[-45.8354,-23.4829],[-45.8241,-23.4889],[-45.8183,-23.4896],[-45.8133,-23.4997],[-45.8042,-23.4943],[-45.8001,-23.4947],[-45.7982,-23.492],[-45.7952,-23.4912],[-45.788,-23.4936],[-45.7876,-23.4958],[-45.7899,-23.4972],[-45.7886,-23.5019],[-45.7911,-23.5063],[-45.7884,-23.5092],[-45.7824,-23.5099],[-45.7721,-23.5072],[-45.7636,-23.5112],[-45.7559,-23.5113],[-45.7593,-23.513],[-45.7619,-23.5185],[-45.7597,-23.5205],[-45.7605,-23.524],[-45.7546,-23.5257],[-45.754,-23.532],[-45.7461,-23.5398],[-45.7471,-23.5546],[-45.7412,-23.5614],[-45.7461,-23.5661],[-45.7415,-23.5722],[-45.7334,-23.5721],[-45.7309,-23.5745],[-45.7317,-23.577],[-45.7356,-23.5783],[-45.7404,-23.585],[-45.7382,-23.5869],[-45.7339,-23.5867],[-45.7341,-23.5931],[-45.7393,-23.596],[-45.74,-23.5988],[-45.7427,-23.6005],[-45.7433,-23.6011]]]]}},{"type":"Feature","properties":{"CD_MUN":"3552502","NM_MUN":"Suzano"},"geometry":{"type":"MultiPolygon","coordinates":[[[[-46.2607,-23.6726],[-46.2646,-23.6766],[-46.2674,-23.683],[-46.266,-23.6847],[-46.269,-23.6877],[-46.2782,-23.6911],[-46.2971,-23.7035],[-46.2979,-23.7049],[-46.2952,-23.7109],[-46.2967,-23.7154],[-46.2952,-23.7187],[-46.2973,-23.7234],[-46.3063,-23.7314],[-46.308,-23.7359],[-46.3127,-23.7406],[-46.3219,-23.7444],[-46.3168,-23.7381],[-46.318,-23.7363],[-46.3223,-23.7354],[-46.3281,-23.7284],[-46.3266,-23.7277],[-46.3273,-23.7255],[-46.326,-23.7242],[-46.3273,-23.7142],[-46.3246,-23.7097],[-46.3237,-23.7041],[-46.3285,-23.7025],[-46.3286,-23.7072],[-46.3307,-23.7089],[-46.3323,-23.7039],[-46.3317,-23.6966],[-46.3366,-23.6899],[-46.3367,-23.6817],[-46.3385,-23.6778],[-46.3583,-23.6605],[-46.3553,-23.6496],[-46.3531,-23.6483],[-46.3545,-23.6456],[-46.3536,-23.6424],[-46.3571,-23.6385],[-46.3672,-23.6436],[-46.372,-23.6442],[-46.374,-23.6429],[-46.3785,-23.6356],[-46.3835,-23.6183],[-46.3774,-23.6108],[-46.373,-23.6088],[-46.3657,-23.5907],[-46.3629,-23.5876],[-46.3626,-23.5838],[-46.3557,-23.5817],[-46.3532,-23.5741],[-46.3498,-23.5739],[-46.3424,-23.5615],[-46.3413,-23.547],[-46.3314,-23.5388],[-46.3313,-23.5319],[-46.3293,-23.5296],[-46.3284,-23.5224],[-46.3299,-23.5201],[-46.3278,-23.5165],[-46.325,-23.5157],[-46.3267,-23.5148],[-46.3244,-23.5121],[-46.3263,-23.5111],[-46.3262,-23.5094],[-46.3277,-23.5108],[-46.3294,-23.5078],[-46.3305,-23.5],[-46.336,-23.5008],[-46.3343,-23.4975],[-46.3355,-23.4954],[-46.3341,-23.4951],[-46.3343,-23.4933],[-46.3326,-23.4942],[-46.3331,-23.4917],[-46.3311,-23.4889],[-46.3142,-23.4928],[-46.3093,-23.4916],[-46.3064,-23.4925],[-46.304,-23.4957],[-46.2986,-23.4964],[-46.2877,-23.489],[-46.2741,-23.4853],[-46.2678,-23.4858],[-46.2652,-23.4885],[-46.2641,-23.4954],[-46.2655,-23.5006],[-46.269,-23.504],[-46.2681,-23.5107],[-46.2695,-23.5128],[-46.2675,-23.5137],[-46.2661,-23.5197],[-46.2622,-23.5242],[-46.2648,-23.5324],[-46.2633,-23.5344],[-46.2694,-23.5375],[-46.2681,-23.5397],[-46.2705,-23.5399],[-46.2713,-23.5449],[-46.2795,-23.5459],[-46.2814,-23.5509],[-46.2788,-23.5552],[-46.2807,-23.5563],[-46.2805,-23.5591],[-46.285,-23.566],[-46.2807,-23.5725],[-46.279,-23.5788],[-46.2681,-23.5922],[-46.265,-23.6007],[-46.2662,-23.6034],[-46.2651,-23.6065],[-46.2635,-23.6093],[-46.259,-23.6118],[-46.2619,-23.615],[-46.2615,-23.6206],[-46.2636,-23.6241],[-46.2645,-23.6309],[-46.2595,-23.6343],[-46.2596,-23.6375],[-46.257,-23.6406],[-46.2584,-23.6418],[-46.2574,-23.646],[-46.2544,-23.6503],[-46.2579,-23.6564],[-46.2574,-23.6596],[-46.2587,-23.6599],[-46.2577,-23.6627],[-46.259,-23.6663],[-46.2571,-23.6678],[-46.2582,-23.6701],[-46.2607,-23.6701],[-46.2607,-23.6725],[-46.2607,-23.6726]]]]}},{"type":"Feature","properties":{"CD_MUN":"3552809","NM_MUN":"Taboão da Serra"},"geometry":{"type":"MultiPolygon","coordinates":[[[[-46.7901,-23.6454],[-46.7927,-23.6472],[-46.8216,-23.6359],[-46.8166,-23.6351],[-46.8157,-23.6319],[-46.8094,-23.6259],[-46.8121,-23.624],[-46.8094,-23.6181],[-46.8127,-23.6136],[-46.8102,-23.6101],[-46.7998,-23.6078],[-46.7983,-23.6047],[-46.7946,-23.6064],[-46.7928,-23.6052],[-46.7891,-23.6063],[-46.7837,-23.6033],[-46.7755,-23.6032],[-46.7734,-23.6],[-46.7682,-23.6003],[-46.7607,-23.5949],[-46.7581,-23.5995],[-46.7515,-23.6019],[-46.7491,-23.6044],[-46.752,-23.6069],[-46.7524,-23.6105],[-46.7581,-23.6128],[-46.7692,-23.6272],[-46.7764,-23.6307],[-46.7774,-23.6351],[-46.785,-23.6384],[-46.7901,-23.6453],[-46.7901,-23.6454]]]]}},{"type":"Feature","properties":{"CD_MUN":"3544103","NM_MUN":"Rio Grande da Serra"},"geometry":{"type":"MultiPolygon","coordinates":[[[[-46.3663,-23.7533],[-46.3685,-23.7526],[-46.3704,-23.7543],[-46.3727,-23.7524],[-46.3764,-23.7589],[-46.381,-23.7585],[-46.3873,-23.764],[-46.3912,-23.7641],[-46.3967,-23.7677],[-46.3995,-23.7664],[-46.4079,-23.77],[-46.415,-23.7691],[-46.4157,-23.7731],[-46.4215,-23.7715],[-46.426,-23.7741],[-46.4271,-23.7717],[-46.4253,-23.7696],[-46.4281,-23.7676],[-46.4285,-23.7623],[-46.4187,-23.7594],[-46.4182,-23.7569],[-46.4208,-23.7509],[-46.4149,-23.7412],[-46.4164,-23.7351],[-46.4127,-23.7362],[-46.4119,-23.7333],[-46.4071,-23.7304],[-46.401,-23.7302],[-46.3986,-23.7227],[-46.3934,-23.723],[-46.3915,-23.7248],[-46.3882,-23.7233],[-46.3857,-23.7242],[-46.3824,-23.7174],[-46.3858,-23.7125],[-46.3845,-23.7082],[-46.3813,-23.7081],[-46.3768,-23.7119],[-46.3747,-23.7097],[-46.3679,-23.7102],[-46.365,-23.708],[-46.3622,-23.7108],[-46.3618,-23.7138],[-46.3585,-23.7135],[-46.355,-23.7175],[-46.3477,-23.7154],[-46.3435,-23.7168],[-46.3423,-23.7151],[-46.34,-23.716],[-46.3397,-23.7137],[-46.336,-23.7126],[-46.3366,-23.7075],[-46.3345,-23.7046],[-46.3315,-23.7094],[-46.3291,-23.7081],[-46.3287,-23.7029],[-46.3272,-23.7022],[-46.3237,-23.7041],[-46.3246,-23.7097],[-46.3273,-23.7142],[-46.3261,-23.7176],[-46.3266,-23.7277],[-46.3366,-23.7257],[-46.3384,-23.7314],[-46.3434,-23.7351],[-46.3436,-23.7381],[-46.3502,-23.7356],[-46.3569,-23.7397],[-46.3602,-23.7397],[-46.3617,-23.7431],[-46.3588,-23.7441],[-46.3588,-23.7471],[-46.3613,-23.7506],[-46.3662,-23.7533],[-46.3663,-23.7533]]]]}},{"type":"Feature","properties":{"CD_MUN":"3543303","NM_MUN":"Ribeirão Pires"},"geometry":{"type":"MultiPolygon","coordinates":[[[[-46.458,-23.7638],[-46.453,-23.7596],[-46.4533,-23.7578],[-46.4579,-23.7557],[-46.4577,-23.7508],[-46.4631,-23.7469],[-46.4678,-23.7408],[-46.4715,-23.739],[-46.4687,-23.7318],[-46.469,-23.7254],[-46.4762,-23.7165],[-46.4693,-23.7163],[-46.4688,-23.7127],[-46.4621,-23.7097],[-46.4609,-23.7066],[-46.4498,-23.7028],[-46.4486,-23.7003],[-46.4429,-23.6966],[-46.4431,-23.6937],[-46.4353,-23.6852],[-46.4305,-23.6847],[-46.43,-23.6802],[-46.427,-23.6776],[-46.4241,-23.6791],[-46.4222,-23.6784],[-46.4194,-23.6815],[-46.4123,-23.6847],[-46.4118,-23.6817],[-46.4068,-23.6792],[-46.4048,-23.6755],[-46.4031,-23.6761],[-46.3981,-23.6734],[-46.3964,-23.6709],[-46.3935,-23.6719],[-46.3919,-23.6692],[-46.3989,-23.6541],[-46.4,-23.6447],[-46.3944,-23.6372],[-46.3941,-23.6309],[-46.3922,-23.6293],[-46.3921,-23.6266],[-46.3839,-23.6177],[-46.3783,-23.6361],[-46.373,-23.6437],[-46.3672,-23.6436],[-46.3571,-23.6385],[-46.3545,-23.6407],[-46.3531,-23.6483],[-46.3553,-23.6496],[-46.3583,-23.6605],[-46.3385,-23.6778],[-46.3367,-23.6817],[-46.3366,-23.6899],[-46.3317,-23.6966],[-46.3323,-23.7039],[-46.3307,-23.7087],[-46.3317,-23.7092],[-46.3343,-23.7045],[-46.3366,-23.7075],[-46.3358,-23.7123],[-46.3397,-23.7137],[-46.34,-23.716],[-46.3423,-23.7151],[-46.3441,-23.7168],[-46.3477,-23.7154],[-46.355,-23.7175],[-46.3585,-23.7135],[-46.3618,-23.7138],[-46.3646,-23.7081],[-46.3679,-23.7102],[-46.3747,-23.7097],[-46.3768,-23.7119],[-46.3813,-23.7081],[-46.3845,-23.7082],[-46.3858,-23.7125],[-46.3824,-23.7174],[-46.3857,-23.7242],[-46.3882,-23.7233],[-46.3915,-23.7248],[-46.3934,-23.723],[-46.3986,-23.7227],[-46.401,-23.7302],[-46.4071,-23.7304],[-46.4119,-23.7333],[-46.4127,-23.7362],[-46.4164,-23.7351],[-46.4148,-23.7407],[-46.4208,-23.7509],[-46.4182,-23.7569],[-46.4198,-23.7604],[-46.4221,-23.7597],[-46.4282,-23.7618],[-46.428,-23.7656],[-46.4368,-23.7678],[-46.4402,-23.766],[-46.4422,-23.7693],[-46.4506,-23.7709],[-46.457,-23.7677],[-46.458,-23.764],[-46.458,-23.7638]]]]}},{"type":"Feature","properties":{"CD_MUN":"3518800","NM_MUN":"Guarulhos"},"geometry":{"type":"MultiPolygon","coordinates":[[[[-46.5511,-23.507],[-46.5555,-23.51],[-46.5593,-23.5069],[-46.5621,-23.5001],[-46.56,-23.4938],[-46.5615,-23.4847],[-46.5608,-23.4767],[-46.5618,-23.4726],[-46.5705,-23.4589],[-46.5704,-23.4537],[-46.5652,-23.4409],[-46.5648,-23.4358],[-46.5685,-23.4325],[-46.5656,-23.4269],[-46.5668,-23.4219],[-46.5654,-23.4178],[-46.5669,-23.4161],[-46.5621,-23.4119],[-46.5565,-23.4097],[-46.5556,-23.4028],[-46.5591,-23.3994],[-46.5455,-23.3868],[-46.5451,-23.3762],[-46.5373,-23.3694],[-46.5363,-23.3636],[-46.5248,-23.3584],[-46.5209,-23.3542],[-46.5158,-23.3539],[-46.5107,-23.3557],[-46.5059,-23.3505],[-46.5006,-23.3522],[-46.4946,-23.3483],[-46.4871,-23.351],[-46.4875,-23.3576],[-46.4808,-23.3622],[-46.4779,-23.3609],[-46.4742,-23.3618],[-46.4686,-23.3566],[-46.4477,-23.3574],[-46.4451,-23.359],[-46.4442,-23.355],[-46.4489,-23.3499],[-46.4435,-23.3432],[-46.4438,-23.3403],[-46.4399,-23.3421],[-46.4386,-23.339],[-46.4319,-23.3359],[-46.4335,-23.3306],[-46.4303,-23.3288],[-46.4287,-23.3247],[-46.4255,-23.3235],[-46.423,-23.3194],[-46.424,-23.3166],[-46.4174,-23.3158],[-46.4103,-23.3054],[-46.4117,-23.3026],[-46.4108,-23.3013],[-46.4074,-23.3005],[-46.4044,-23.3017],[-46.4021,-23.2994],[-46.4032,-23.2965],[-46.4003,-23.2943],[-46.4013,-23.2893],[-46.3977,-23.2883],[-46.3965,-23.2857],[-46.3859,-23.2873],[-46.3821,-23.2786],[-46.3766,-23.2787],[-46.372,-23.2755],[-46.3641,-23.2739],[-46.3604,-23.2841],[-46.3562,-23.2889],[-46.3579,-23.2936],[-46.355,-23.298],[-46.3585,-23.305],[-46.3582,-23.3079],[-46.3551,-23.3105],[-46.3582,-23.317],[-46.3569,-23.3212],[-46.3539,-23.3268],[-46.3499,-23.3292],[-46.3369,-23.3289],[-46.3361,-23.333],[-46.3375,-23.3344],[-46.3395,-23.3338],[-46.3419,-23.3416],[-46.3437,-23.3422],[-46.3469,-23.3479],[-46.3558,-23.353],[-46.3585,-23.356],[-46.3587,-23.3589],[-46.363,-23.3592],[-46.3649,-23.3633],[-46.3699,-23.365],[-46.3711,-23.3672],[-46.3717,-23.3702],[-46.3694,-23.3757],[-46.3712,-23.3859],[-46.3702,-23.3894],[-46.3768,-23.3924],[-46.3776,-23.402],[-46.3747,-23.4049],[-46.3755,-23.4084],[-46.3712,-23.4124],[-46.3724,-23.414],[-46.3675,-23.4226],[-46.3676,-23.4289],[-46.3585,-23.4384],[-46.3639,-23.4352],[-46.3669,-23.438],[-46.3697,-23.4368],[-46.3691,-23.4353],[-46.3717,-23.4333],[-46.3769,-23.4328],[-46.3789,-23.4344],[-46.3829,-23.4332],[-46.387,-23.4377],[-46.385,-23.4389],[-46.3837,-23.445],[-46.3884,-23.4457],[-46.3889,-23.4485],[-46.3908,-23.449],[-46.3934,-23.449],[-46.3954,-23.4464],[-46.3974,-23.4475],[-46.3951,-23.4525],[-46.3927,-23.4541],[-46.3924,-23.4611],[-46.3894,-23.4659],[-46.3892,-23.4709],[-46.3872,-23.4721],[-46.3863,-23.4796],[-46.3877,-23.4819],[-46.3919,-23.4806],[-46.397,-23.4844],[-46.3995,-23.483],[-46.401,-23.4869],[-46.4037,-23.4849],[-46.4059,-23.4861],[-46.4066,-23.4836],[-46.404,-23.481],[-46.4057,-23.4791],[-46.4044,-23.4781],[-46.4053,-23.4762],[-46.407,-23.4777],[-46.4101,-23.475],[-46.4076,-23.4727],[-46.4104,-23.4704],[-46.4149,-23.4723],[-46.4149,-23.4743],[-46.4171,-23.4724],[-46.4191,-23.4744],[-46.4271,-23.472],[-46.4301,-23.4737],[-46.4299,-23.4762],[-46.4317,-23.4764],[-46.431,-23.478],[-46.4361,-23.4757],[-46.4349,-23.4783],[-46.4374,-23.4798],[-46.4414,-23.4793],[-46.461,-23.4831],[-46.4825,-23.4769],[-46.5034,-23.4773],[-46.5109,-23.4789],[-46.5224,-23.4846],[-46.5283,-23.491],[-46.534,-23.4935],[-46.5449,-23.5051],[-46.5511,-23.507],[-46.5511,-23.507]]]]}},{"type":"Feature","properties":{"CD_MUN":"3510609","NM_MUN":"Carapicuíba"},"geometry":{"type":"MultiPolygon","coordinates":[[[[-46.819,-23.5833],[-46.8248,-23.5839],[-46.83,-23.5813],[-46.8346,-23.5766],[-46.8434,-23.5773],[-46.8439,-23.5827],[-46.8514,-23.5817],[-46.8535,-23.5829],[-46.8591,-23.58],[-46.8605,-23.5772],[-46.8649,-23.5778],[-46.8675,-23.5764],[-46.8674,-23.5732],[-46.8707,-23.573],[-46.8734,-23.5695],[-46.8757,-23.5709],[-46.8768,-23.5665],[-46.8757,-23.5612],[-46.8709,-23.5609],[-46.8726,-23.5585],[-46.8709,-23.5572],[-46.8724,-23.5542],[-46.8636,-23.5547],[-46.8612,-23.5519],[-46.862,-23.5505],[-46.8606,-23.5504],[-46.8623,-23.5472],[-46.8605,-23.5446],[-46.8622,-23.5448],[-46.8627,-23.5397],[-46.8608,-23.5372],[-46.862,-23.5347],[-46.8608,-23.5327],[-46.8625,-23.5306],[-46.86,-23.5277],[-46.8624,-23.5225],[-46.8602,-23.5233],[-46.8539,-23.5158],[-46.8507,-23.5166],[-46.8414,-23.5148],[-46.8385,-23.5113],[-46.8357,-23.5107],[-46.8259,-23.5218],[-46.82,-23.5224],[-46.8175,-23.52],[-46.8173,-23.54],[-46.8207,-23.5436],[-46.8218,-23.5485],[-46.82,-23.554],[-46.8206,-23.5589],[-46.8178,-23.5622],[-46.818,-23.5659],[-46.8144,-23.5694],[-46.8184,-23.583],[-46.819,-23.5833]]]]}}]}