{"type":"FeatureCollection","name":"UGRHI11_Municipios","features":[{"type":"Feature","properties":{"CD_MUN":"3542800","NM_MUN":"Ribeira"},"geometry":{"type":"MultiPolygon","coordinates":[[[[-49.0061,-24.6416],[-49.0045,-24.6378],[-48.9993,-24.6379],[-49.0032,-24.6335],[-49.0084,-24.6346],[-49.0121,-24.6397],[-49.0184,-24.6426],[-49.0211,-24.642],[-49.0305,-24.6343],[-49.0341,-24.6341],[-49.04,-24.6368],[-49.0423,-24.6406],[-49.0398,-24.6439],[-49.0351,-24.6408],[-49.0329,-24.6419],[-49.0346,-24.6501],[-49.0395,-24.6534],[-49.0374,-24.6604],[-49.0455,-24.6661],[-49.0448,-24.669],[-49.0477,-24.6759],[-49.0542,-24.6824],[-49.0644,-24.686],[-49.0691,-24.6849],[-49.0728,-24.6751],[-49.0747,-24.6734],[-49.0832,-24.6722],[-49.0844,-24.673],[-49.0844,-24.6789],[-49.0878,-24.6807],[-49.0971,-24.6819],[-49.1001,-24.6763],[-49.1027,-24.6749],[-49.1089,-24.6765],[-49.1089,-24.6858],[-49.1116,-24.6884],[-49.1194,-24.6856],[-49.1224,-24.6825],[-49.1262,-24.6842],[-49.1314,-24.6809],[-49.1348,-24.6756],[-49.1482,-24.6753],[-49.1539,-24.672],[-49.1586,-24.6714],[-49.1592,-24.655],[-49.1555,-24.6471],[-49.1506,-24.6453],[-49.1517,-24.6428],[-49.1507,-24.64],[-49.154,-24.6309],[-49.1579,-24.6291],[-49.1582,-24.6271],[-49.1618,-24.6274],[-49.1659,-24.6233],[-49.164,-24.6183],[-49.1663,-24.6148],[-49.1714,-24.6121],[-49.1713,-24.6094],[-49.1698,-24.6067],[-49.1653,-24.605],[-49.1657,-24.6013],[-49.1633,-24.5993],[-49.1639,-24.5958],[-49.1515,-24.5952],[-49.1504,-24.5929],[-49.1525,-24.5878],[-49.151,-24.5857],[-49.1446,-24.5843],[-49.1358,-24.5866],[-49.1337,-24.5852],[-49.1354,-24.5817],[-49.1339,-24.5706],[-49.1352,-24.5679],[-49.1323,-24.564],[-49.129,-24.5633],[-49.1291,-24.5606],[-49.1344,-24.5589],[-49.1361,-24.5622],[-49.143,-24.5618],[-49.1425,-24.5587],[-49.1332,-24.5529],[-49.1346,-24.5485],[-49.1325,-24.547],[-49.1338,-24.5454],[-49.1325,-24.5447],[-49.1332,-24.5423],[-49.1307,-24.5412],[-49.1324,-24.5375],[-49.0898,-24.5398],[-49.0888,-24.5376],[-49.0867,-24.5372],[-49.0842,-24.5423],[-49.0739,-24.5469],[-49.0721,-24.5502],[-49.0694,-24.5498],[-49.068,-24.5533],[-49.062,-24.5519],[-49.0562,-24.554],[-49.0505,-24.554],[-49.0487,-24.5534],[-49.0487,-24.5498],[-49.0413,-24.5504],[-49.0351,-24.5496],[-49.033,-24.5474],[-49.0244,-24.5473],[-49.0144,-24.5379],[-49.0096,-24.5357],[-49.0121,-24.5268],[-49.0033,-24.5244],[-49.0024,-24.5211],[-49.0,-24.5201],[-48.9962,-24.5219],[-48.9952,-24.5261],[-48.9927,-24.5286],[-48.9915,-24.5284],[-48.9911,-24.525],[-48.9819,-24.5238],[-48.9818,-24.5297],[-48.979,-24.5346],[-48.9687,-24.537],[-48.9683,-24.539],[-48.9592,-24.5378],[-48.9182,-24.5481],[-48.9151,-24.5497],[-48.9133,-24.5542],[-48.9077,-24.5538],[-48.9057,-24.5558],[-48.9018,-24.5561],[-48.8998,-24.5591],[-48.9005,-24.5647],[-48.9034,-24.5665],[-48.9091,-24.5636],[-48.912,-24.5704],[-48.9202,-24.5782],[-48.9176,-24.5793],[-48.917,-24.582],[-48.9239,-24.5864],[-48.9274,-24.5982],[-48.9264,-24.6012],[-48.9296,-24.6031],[-48.9326,-24.6017],[-48.9383,-24.6043],[-48.9406,-24.6103],[-48.9454,-24.6137],[-48.946,-24.6172],[-48.9492,-24.6188],[-48.9472,-24.6241],[-48.932,-24.6219],[-48.9244,-24.6258],[-48.9212,-24.6297],[-48.9151,-24.6302],[-48.9119,-24.6333],[-48.9135,-24.6389],[-48.9062,-24.6441],[-48.9078,-24.6459],[-48.912,-24.6463],[-48.9161,-24.656],[-48.9131,-24.6611],[-48.9157,-24.6654],[-48.9164,-24.6711],[-48.912,-24.6743],[-48.9102,-24.6779],[-48.9127,-24.6819],[-48.9153,-24.6829],[-48.9224,-24.6752],[-48.931,-24.6757],[-48.9425,-24.6723],[-48.9496,-24.6748],[-48.9551,-24.6841],[-48.961,-24.6845],[-48.9622,-24.6742],[-48.9749,-24.6717],[-48.9744,-24.6668],[-48.9786,-24.665],[-48.9879,-24.6659],[-48.9894,-24.6566],[-48.9909,-24.6552],[-49.0007,-24.6553],[-49.0094,-24.6604],[-49.0107,-24.656],[-49.0073,-24.6492],[-49.0063,-24.6421],[-49.0061,-24.6416]]]]}},{"type":"Feature","properties":{"CD_MUN":"3509908","NM_MUN":"Cananéia"},"geometry":{"type":"MultiPolygon","coordinates":[[[[-48.0382,-25.357],[-48.0371,-25.3559],[-48.0354,-25.3568],[-48.0382,-25.3571],[-48.0382,-25.357]]],[[[-47.8661,-25.1232],[-47.862,-25.1201],[-47.8598,-25.1204],[-47.8582,-25.1174],[-47.8531,-25.1158],[-47.8508,-25.1168],[-47.8495,-25.1209],[-47.8525,-25.1203],[-47.8562,-25.125],[-47.8585,-25.1245],[-47.8615,-25.1276],[-47.8648,-25.1284],[-47.866,-25.1233],[-47.8661,-25.1232]]],[[[-47.8622,-25.1323],[-47.8615,-25.1308],[-47.8596,-25.1318],[-47.8607,-25.1336],[-47.8619,-25.1327],[-47.8622,-25.1323]]],[[[-47.9576,-25.273],[-47.9525,-25.2728],[-47.9533,-25.2745],[-47.9575,-25.2732],[-47.9576,-25.273]]],[[[-47.9148,-25.1663],[-47.9114,-25.1629],[-47.909,-25.1653],[-47.9095,-25.1671],[-47.9148,-25.1667],[-47.9148,-25.1663]]],[[[-48.0315,-25.2187],[-48.0403,-25.2187],[-48.0442,-25.221],[-48.0455,-25.2263],[-48.0472,-25.2267],[-48.0574,-25.2183],[-48.0584,-25.2222],[-48.0572,-25.226],[-48.0595,-25.2295],[-48.057,-25.2331],[-48.0587,-25.2381],[-48.0621,-25.2401],[-48.0751,-25.2406],[-48.0814,-25.2442],[-48.0837,-25.2434],[-48.0839,-25.2406],[-48.0897,-25.2418],[-48.0924,-25.24],[-48.0986,-25.2413],[-48.1004,-25.2438],[-48.1063,-25.2439],[-48.1107,-25.2498],[-48.1149,-25.2507],[-48.1245,-25.2426],[-48.1331,-25.2398],[-48.1512,-25.2281],[-48.1627,-25.2098],[-48.1752,-25.2094],[-48.1825,-25.205],[-48.1914,-25.1962],[-48.1934,-25.1899],[-48.1784,-25.1821],[-48.1787,-25.1796],[-48.1666,-25.166],[-48.1687,-25.1565],[-48.1622,-25.1542],[-48.1585,-25.1499],[-48.1569,-25.1447],[-48.1638,-25.1457],[-48.1713,-25.1423],[-48.1771,-25.1357],[-48.1816,-25.1338],[-48.1817,-25.1292],[-48.187,-25.1253],[-48.1894,-25.1176],[-48.1946,-25.1135],[-48.1948,-25.1065],[-48.2053,-25.0983],[-48.204,-25.0935],[-48.2129,-25.0834],[-48.2101,-25.0802],[-48.2161,-25.0767],[-48.2133,-25.0731],[-48.2152,-25.0679],[-48.2121,-25.0592],[-48.2151,-25.0505],[-48.2156,-25.0426],[-48.2103,-25.0364],[-48.2089,-25.0286],[-48.2109,-25.0272],[-48.2149,-25.0297],[-48.2253,-25.0225],[-48.2284,-25.023],[-48.2316,-25.0208],[-48.2311,-25.0194],[-48.233,-25.0179],[-48.232,-25.0154],[-48.2234,-25.0091],[-48.227,-25.0068],[-48.2289,-25.0086],[-48.2335,-25.0069],[-48.2295,-25.0014],[-48.2339,-25.0007],[-48.2363,-24.9982],[-48.2354,-24.9956],[-48.2397,-24.9914],[-48.2325,-24.9884],[-48.2267,-24.9835],[-48.2266,-24.9809],[-48.231,-24.9788],[-48.2276,-24.975],[-48.2287,-24.9728],[-48.2236,-24.9708],[-48.2204,-24.963],[-48.2105,-24.9569],[-48.2037,-24.9605],[-48.1919,-24.9617],[-48.1804,-24.9706],[-48.175,-24.969],[-48.1703,-24.9701],[-48.1623,-24.9648],[-48.1528,-24.9705],[-48.1506,-24.9749],[-48.1468,-24.9754],[-48.1444,-24.9846],[-48.1379,-24.9864],[-48.1348,-24.9794],[-48.124,-24.9814],[-48.1151,-24.9773],[-48.1124,-24.9737],[-48.1053,-24.9761],[-48.0996,-24.9752],[-48.0961,-24.9716],[-48.099,-24.9652],[-48.0982,-24.9619],[-48.0905,-24.9575],[-48.0808,-24.9586],[-48.0784,-24.9538],[-48.0719,-24.9531],[-48.0671,-24.9545],[-48.0623,-24.9585],[-48.0573,-24.956],[-48.0544,-24.9585],[-48.0449,-24.9597],[-48.0357,-24.9663],[-48.0343,-24.9638],[-48.0313,-24.9626],[-48.0282,-24.9552],[-48.0256,-24.9538],[-48.025,-24.9472],[-48.0258,-24.9438],[-48.0406,-24.9347],[-48.0471,-24.9267],[-48.0464,-24.9217],[-48.0435,-24.919],[-48.0356,-24.9167],[-48.0367,-24.9132],[-48.0348,-24.9046],[-48.0378,-24.9006],[-48.038,-24.8961],[-48.0352,-24.8919],[-48.0416,-24.8888],[-48.044,-24.8845],[-48.0427,-24.879],[-48.0441,-24.8751],[-48.0415,-24.8714],[-48.0437,-24.8596],[-48.0482,-24.8573],[-48.0491,-24.852],[-48.0557,-24.8515],[-48.0578,-24.8484],[-48.0564,-24.8464],[-48.057,-24.8427],[-48.0536,-24.8424],[-48.0518,-24.84],[-48.0519,-24.8353],[-48.0492,-24.8342],[-48.0451,-24.8356],[-48.0407,-24.8341],[-48.0356,-24.8361],[-48.0332,-24.8418],[-48.0286,-24.8431],[-48.0125,-24.8534],[-48.0099,-24.8536],[-48.0085,-24.8504],[-48.007,-24.8502],[-48.0035,-24.8534],[-48.0,-24.8487],[-47.995,-24.8486],[-47.9916,-24.8466],[-47.986,-24.8557],[-47.9877,-24.861],[-47.983,-24.8662],[-47.9731,-24.8713],[-47.9677,-24.8721],[-47.9597,-24.8787],[-47.9557,-24.8768],[-47.9568,-24.8717],[-47.9615,-24.8664],[-47.9633,-24.8602],[-47.9581,-24.8551],[-47.9573,-24.852],[-47.9588,-24.8459],[-47.9549,-24.836],[-47.9498,-24.8347],[-47.9407,-24.8445],[-47.9288,-24.8499],[-47.9226,-24.8499],[-47.9235,-24.8556],[-47.9212,-24.8543],[-47.9178,-24.8571],[-47.9155,-24.8561],[-47.9164,-24.848],[-47.9142,-24.846],[-47.9126,-24.84],[-47.9159,-24.8339],[-47.9227,-24.832],[-47.9294,-24.8222],[-47.9329,-24.8208],[-47.9385,-24.8108],[-47.9316,-24.8051],[-47.9286,-24.7971],[-47.9259,-24.7951],[-47.9273,-24.7917],[-47.9309,-24.7891],[-47.9272,-24.7807],[-47.9454,-24.772],[-47.9431,-24.7672],[-47.9369,-24.7679],[-47.9286,-24.7742],[-47.9172,-24.7772],[-47.9064,-24.7729],[-47.9005,-24.7768],[-47.8922,-24.7753],[-47.89,-24.7871],[-47.8861,-24.7864],[-47.8798,-24.794],[-47.8656,-24.7994],[-47.8671,-24.7966],[-47.8646,-24.7932],[-47.8565,-24.7885],[-47.8508,-24.7878],[-47.8468,-24.7843],[-47.8496,-24.7787],[-47.8496,-24.7718],[-47.8533,-24.7683],[-47.8487,-24.7646],[-47.8342,-24.7596],[-47.8303,-24.7564],[-47.829,-24.7673],[-47.8244,-24.7711],[-47.8214,-24.7781],[-47.8111,-24.7851],[-47.81,-24.7898],[-47.8068,-24.7915],[-47.8024,-24.79],[-47.7992,-24.7944],[-47.7954,-24.7944],[-47.7925,-24.7966],[-47.7927,-24.7992],[-47.7817,-24.8016],[-47.7784,-24.808],[-47.7789,-24.8103],[-47.7737,-24.8163],[-47.7756,-24.8219],[-47.7797,-24.8267],[-47.7795,-24.829],[-47.7828,-24.8285],[-47.7829,-24.8319],[-47.779,-24.8357],[-47.778,-24.8347],[-47.7766,-24.836],[-47.7794,-24.8417],[-47.7785,-24.8462],[-47.7745,-24.8469],[-47.7747,-24.8431],[-47.7733,-24.8423],[-47.7705,-24.8455],[-47.7697,-24.8421],[-47.772,-24.8395],[-47.7681,-24.8406],[-47.7653,-24.8376],[-47.7622,-24.8373],[-47.7651,-24.835],[-47.7633,-24.8331],[-47.7566,-24.836],[-47.7569,-24.8409],[-47.7522,-24.8418],[-47.7467,-24.8387],[-47.7489,-24.8336],[-47.7479,-24.8317],[-47.738,-24.8302],[-47.7344,-24.8357],[-47.7395,-24.8438],[-47.747,-24.8516],[-47.7648,-24.8588],[-47.7658,-24.8621],[-47.7628,-24.8598],[-47.7759,-24.8783],[-47.7893,-24.8834],[-47.8027,-24.8914],[-47.8033,-24.9052],[-47.8067,-24.9097],[-47.8135,-24.9125],[-47.819,-24.9124],[-47.8314,-24.9051],[-47.8379,-24.9037],[-47.8396,-24.9048],[-47.8391,-24.908],[-47.8316,-24.9088],[-47.8287,-24.9107],[-47.8271,-24.9144],[-47.8277,-24.9179],[-47.8324,-24.9241],[-47.8409,-24.9259],[-47.8553,-24.9368],[-47.8555,-24.9382],[-47.8534,-24.9379],[-47.8529,-24.9398],[-47.8548,-24.9471],[-47.8609,-24.9609],[-47.8662,-24.9658],[-47.8723,-24.9682],[-47.8788,-24.9671],[-47.8872,-24.9615],[-47.8937,-24.9642],[-47.8967,-24.968],[-47.8975,-24.9732],[-47.8936,-24.9873],[-47.8965,-24.9989],[-47.9019,-25.0059],[-47.9155,-25.0122],[-47.9181,-25.0156],[-47.9187,-25.0195],[-47.9134,-25.03],[-47.9135,-25.0457],[-47.9159,-25.0478],[-47.9137,-25.0481],[-47.9148,-25.0505],[-47.913,-25.0531],[-47.9095,-25.0529],[-47.9087,-25.0634],[-47.9059,-25.0633],[-47.9024,-25.0657],[-47.9041,-25.1],[-47.9016,-25.1036],[-47.8947,-25.1053],[-47.8953,-25.1082],[-47.8982,-25.1086],[-47.9047,-25.1165],[-47.9083,-25.1185],[-47.916,-25.1384],[-47.9149,-25.1403],[-47.9161,-25.1436],[-47.9188,-25.1447],[-47.9193,-25.153],[-47.917,-25.1565],[-47.9125,-25.1558],[-47.9139,-25.1592],[-47.9248,-25.1609],[-47.946,-25.1743],[-47.9716,-25.1965],[-47.9722,-25.1997],[-47.9789,-25.2025],[-48.0469,-25.2585],[-48.0995,-25.3123],[-48.1004,-25.3073],[-48.0985,-25.2997],[-48.0831,-25.282],[-48.0575,-25.2633],[-48.0512,-25.2523],[-48.0307,-25.2388],[-48.0247,-25.2328],[-48.0239,-25.2291],[-48.0299,-25.2262],[-48.0269,-25.222],[-48.031,-25.2189],[-48.0315,-25.2187]]]]}},{"type":"Feature","properties":{"CD_MUN":"3542602","NM_MUN":"Registro"},"geometry":{"type":"MultiPolygon","coordinates":[[[[-47.9794,-24.5958],[-47.9788,-24.5918],[-47.9761,-24.5896],[-47.9659,-24.5903],[-47.9606,-24.5875],[-47.9552,-24.588],[-47.9468,-24.5825],[-47.947,-24.5803],[-47.9509,-24.58],[-47.9553,-24.5836],[-47.9566,-24.5832],[-47.9561,-24.5819],[-47.9581,-24.5825],[-47.9615,-24.5799],[-47.9719,-24.5794],[-47.978,-24.5826],[-47.9869,-24.5841],[-48.0015,-24.5712],[-48.0089,-24.5743],[-48.0153,-24.5822],[-48.0215,-24.5789],[-48.0264,-24.5788],[-48.033,-24.5762],[-48.0399,-24.5787],[-48.0529,-24.577],[-48.0686,-24.5853],[-48.0733,-24.5821],[-48.0812,-24.5835],[-48.085,-24.5796],[-48.0818,-24.5754],[-48.0825,-24.5664],[-48.0806,-24.5653],[-48.0815,-24.5617],[-48.0794,-24.5578],[-48.0699,-24.5466],[-48.0637,-24.5444],[-48.0616,-24.5455],[-48.0598,-24.5423],[-48.0616,-24.5388],[-48.0561,-24.5358],[-48.0557,-24.5336],[-48.0485,-24.5343],[-48.0372,-24.5315],[-48.0328,-24.5331],[-48.0198,-24.5294],[-48.017,-24.5217],[-48.0217,-24.519],[-48.0212,-24.5161],[-48.0176,-24.5142],[-48.0154,-24.5103],[-48.0093,-24.5104],[-48.0064,-24.5147],[-48.0017,-24.5133],[-47.9989,-24.515],[-47.9941,-24.5141],[-47.9906,-24.5098],[-47.9864,-24.5107],[-47.9825,-24.5067],[-47.9776,-24.5057],[-47.9769,-24.5029],[-47.9719,-24.5023],[-47.9639,-24.4941],[-47.9582,-24.4926],[-47.9543,-24.4932],[-47.9526,-24.4954],[-47.9518,-24.4909],[-47.9412,-24.4845],[-47.9375,-24.4845],[-47.9347,-24.48],[-47.9305,-24.4825],[-47.9262,-24.4819],[-47.9277,-24.4742],[-47.9241,-24.4731],[-47.9181,-24.4742],[-47.9106,-24.4693],[-47.9131,-24.4629],[-47.9102,-24.4576],[-47.9021,-24.4512],[-47.899,-24.4528],[-47.8929,-24.4445],[-47.892,-24.4399],[-47.8841,-24.4359],[-47.883,-24.4336],[-47.8787,-24.4329],[-47.8755,-24.4252],[-47.8723,-24.4227],[-47.8686,-24.421],[-47.8648,-24.4232],[-47.8625,-24.4204],[-47.8575,-24.4233],[-47.8509,-24.4211],[-47.8446,-24.4225],[-47.8398,-24.4194],[-47.8387,-24.4159],[-47.8337,-24.4155],[-47.8314,-24.4097],[-47.8242,-24.4046],[-47.8239,-24.4029],[-47.8327,-24.3999],[-47.8365,-24.3911],[-47.8328,-24.3827],[-47.8371,-24.3758],[-47.8368,-24.3719],[-47.84,-24.3676],[-47.8381,-24.3637],[-47.835,-24.3648],[-47.8325,-24.3719],[-47.8308,-24.369],[-47.8275,-24.3678],[-47.821,-24.3691],[-47.8182,-24.3669],[-47.8153,-24.3682],[-47.8136,-24.3628],[-47.8145,-24.3587],[-47.8079,-24.3526],[-47.802,-24.3571],[-47.8007,-24.3564],[-47.8012,-24.3531],[-47.7993,-24.3517],[-47.7932,-24.3528],[-47.7911,-24.3559],[-47.7857,-24.3586],[-47.7817,-24.3588],[-47.7785,-24.3563],[-47.7698,-24.362],[-47.7678,-24.3656],[-47.7629,-24.3677],[-47.754,-24.3837],[-47.7476,-24.3847],[-47.7404,-24.3888],[-47.7331,-24.3873],[-47.717,-24.3981],[-47.7119,-24.3941],[-47.7008,-24.3913],[-47.6836,-24.3791],[-47.6825,-24.3821],[-47.6801,-24.3834],[-47.6795,-24.3895],[-47.6758,-24.3975],[-47.6731,-24.3991],[-47.6677,-24.4081],[-47.6607,-24.4246],[-47.6544,-24.4284],[-47.6481,-24.4451],[-47.6423,-24.4527],[-47.6433,-24.4546],[-47.6394,-24.4618],[-47.6442,-24.4712],[-47.6441,-24.4781],[-47.6421,-24.4816],[-47.6454,-24.4872],[-47.6454,-24.4935],[-47.6324,-24.5002],[-47.6267,-24.5139],[-47.6299,-24.5173],[-47.6395,-24.5182],[-47.6438,-24.523],[-47.6854,-24.5508],[-47.6887,-24.5639],[-47.6853,-24.572],[-47.6853,-24.5763],[-47.6864,-24.5801],[-47.6923,-24.5846],[-47.6945,-24.6032],[-47.6987,-24.6042],[-47.7047,-24.6007],[-47.7089,-24.6012],[-47.7128,-24.6053],[-47.7125,-24.6139],[-47.7149,-24.6168],[-47.7277,-24.6221],[-47.7381,-24.6175],[-47.7394,-24.6211],[-47.741,-24.6213],[-47.7423,-24.6144],[-47.741,-24.6115],[-47.7509,-24.6068],[-47.7552,-24.6031],[-47.758,-24.5976],[-47.7655,-24.5937],[-47.7683,-24.5905],[-47.7714,-24.5909],[-47.7716,-24.5862],[-47.7741,-24.5846],[-47.7747,-24.5789],[-47.7784,-24.5743],[-47.7823,-24.5742],[-47.7841,-24.5779],[-47.7891,-24.5751],[-47.7874,-24.5733],[-47.7956,-24.5749],[-47.7966,-24.5714],[-47.8009,-24.573],[-47.8057,-24.5716],[-47.8076,-24.5683],[-47.81,-24.5696],[-47.8126,-24.5685],[-47.8124,-24.5667],[-47.8177,-24.5661],[-47.8202,-24.5703],[-47.8247,-24.5692],[-47.8285,-24.5706],[-47.8272,-24.5723],[-47.8309,-24.5749],[-47.8305,-24.5726],[-47.8339,-24.5739],[-47.8347,-24.577],[-47.8376,-24.5773],[-47.8397,-24.5755],[-47.8395,-24.5777],[-47.8421,-24.5775],[-47.845,-24.5796],[-47.8466,-24.5767],[-47.8534,-24.5778],[-47.8538,-24.5757],[-47.8571,-24.5749],[-47.858,-24.5773],[-47.8606,-24.5763],[-47.8602,-24.5784],[-47.8696,-24.5808],[-47.8685,-24.5816],[-47.8709,-24.5836],[-47.8689,-24.5848],[-47.8681,-24.5916],[-47.8685,-24.5897],[-47.8719,-24.5912],[-47.8727,-24.5892],[-47.8738,-24.5907],[-47.8726,-24.5919],[-47.8747,-24.594],[-47.8764,-24.5927],[-47.8806,-24.5946],[-47.8826,-24.5913],[-47.8858,-24.5924],[-47.8942,-24.6056],[-47.9,-24.6094],[-47.8981,-24.6101],[-47.9018,-24.6126],[-47.904,-24.6117],[-47.9033,-24.6153],[-47.906,-24.6135],[-47.9054,-24.6169],[-47.9105,-24.6179],[-47.909,-24.6198],[-47.9132,-24.6219],[-47.9156,-24.6203],[-47.9161,-24.6245],[-47.9187,-24.6279],[-47.9212,-24.6252],[-47.9262,-24.6252],[-47.9283,-24.6288],[-47.9307,-24.6266],[-47.9318,-24.6295],[-47.9357,-24.6268],[-47.9401,-24.6265],[-47.9437,-24.6298],[-47.9399,-24.6288],[-47.9419,-24.6329],[-47.9389,-24.6323],[-47.9377,-24.636],[-47.95,-24.6371],[-47.9515,-24.6384],[-47.9546,-24.6359],[-47.9589,-24.6277],[-47.9676,-24.6253],[-47.9721,-24.6216],[-47.9794,-24.6227],[-47.9737,-24.6179],[-47.9715,-24.6137],[-47.966,-24.6122],[-47.9659,-24.6103],[-47.9712,-24.6045],[-47.9725,-24.6001],[-47.9762,-24.5994],[-47.9788,-24.5965],[-47.9794,-24.5958]]]]}},{"type":"Feature","properties":{"CD_MUN":"3526100","NM_MUN":"Juquiá"},"geometry":{"type":"MultiPolygon","coordinates":[[[[-47.5884,-24.3186],[-47.5863,-24.3149],[-47.5828,-24.3135],[-47.5793,-24.3165],[-47.5793,-24.3185],[-47.575,-24.3207],[-47.5731,-24.3245],[-47.5635,-24.3285],[-47.5626,-24.3324],[-47.5591,-24.3345],[-47.5589,-24.3385],[-47.565,-24.3436],[-47.5655,-24.3464],[-47.562,-24.3568],[-47.5571,-24.3609],[-47.556,-24.3658],[-47.5577,-24.3682],[-47.5609,-24.3682],[-47.5611,-24.3657],[-47.5688,-24.3665],[-47.5732,-24.3696],[-47.5766,-24.3673],[-47.5828,-24.3665],[-47.5873,-24.3685],[-47.5886,-24.3721],[-47.5996,-24.3748],[-47.6167,-24.3718],[-47.6218,-24.368],[-47.6263,-24.3719],[-47.6431,-24.3748],[-47.647,-24.3785],[-47.6529,-24.3775],[-47.6578,-24.3804],[-47.6671,-24.3794],[-47.6718,-24.3807],[-47.6763,-24.3776],[-47.6841,-24.3792],[-47.7008,-24.3913],[-47.7119,-24.3941],[-47.717,-24.3981],[-47.7331,-24.3873],[-47.7404,-24.3888],[-47.7476,-24.3847],[-47.7525,-24.3847],[-47.7548,-24.383],[-47.7572,-24.3763],[-47.7629,-24.3677],[-47.7678,-24.3656],[-47.7698,-24.362],[-47.7785,-24.3563],[-47.7817,-24.3588],[-47.7883,-24.3576],[-47.7932,-24.3528],[-47.8003,-24.3517],[-47.8011,-24.3477],[-47.8,-24.3438],[-47.7938,-24.3362],[-47.7926,-24.3318],[-47.7935,-24.3258],[-47.7986,-24.3156],[-47.8034,-24.3114],[-47.7999,-24.3098],[-47.7997,-24.3059],[-47.7866,-24.3033],[-47.7827,-24.3041],[-47.7755,-24.2979],[-47.7754,-24.291],[-47.7705,-24.2905],[-47.7727,-24.2854],[-47.7688,-24.2777],[-47.7763,-24.2747],[-47.7773,-24.2702],[-47.7702,-24.268],[-47.7696,-24.2649],[-47.7669,-24.263],[-47.7626,-24.2642],[-47.7574,-24.2548],[-47.7597,-24.2521],[-47.7595,-24.2481],[-47.7635,-24.2459],[-47.7705,-24.2367],[-47.7704,-24.2338],[-47.7638,-24.2329],[-47.7618,-24.225],[-47.7628,-24.2212],[-47.7677,-24.216],[-47.7652,-24.207],[-47.7691,-24.2047],[-47.7774,-24.2036],[-47.7771,-24.1973],[-47.7755,-24.1959],[-47.7767,-24.1903],[-47.7745,-24.188],[-47.781,-24.1819],[-47.7782,-24.1748],[-47.7796,-24.171],[-47.7774,-24.1671],[-47.7811,-24.1555],[-47.7797,-24.1525],[-47.7799,-24.1388],[-47.7737,-24.139],[-47.7727,-24.1344],[-47.7703,-24.1324],[-47.7584,-24.1307],[-47.7507,-24.1228],[-47.7485,-24.1233],[-47.7438,-24.1208],[-47.7368,-24.1252],[-47.7276,-24.1183],[-47.7247,-24.1181],[-47.7242,-24.1152],[-47.722,-24.1134],[-47.7259,-24.1106],[-47.7235,-24.1065],[-47.7341,-24.1055],[-47.7358,-24.103],[-47.734,-24.0981],[-47.7257,-24.0896],[-47.7251,-24.0809],[-47.72,-24.0792],[-47.709,-24.0716],[-47.7047,-24.0739],[-47.7017,-24.0732],[-47.6988,-24.0687],[-47.6947,-24.0666],[-47.6895,-24.0594],[-47.6851,-24.0566],[-47.684,-24.0505],[-47.6803,-24.0453],[-47.6762,-24.0451],[-47.6735,-24.0413],[-47.661,-24.0404],[-47.6533,-24.0447],[-47.6493,-24.0411],[-47.6453,-24.0421],[-47.6414,-24.0395],[-47.6379,-24.0438],[-47.6371,-24.0383],[-47.6286,-24.0367],[-47.6281,-24.035],[-47.6256,-24.0343],[-47.624,-24.0354],[-47.6253,-24.0381],[-47.623,-24.0414],[-47.6138,-24.0447],[-47.6155,-24.0492],[-47.6136,-24.0522],[-47.6155,-24.0596],[-47.6219,-24.0641],[-47.6203,-24.0683],[-47.6241,-24.0697],[-47.6247,-24.0717],[-47.6303,-24.0757],[-47.6287,-24.0774],[-47.6302,-24.0876],[-47.636,-24.0997],[-47.6338,-24.1028],[-47.6331,-24.1135],[-47.6285,-24.114],[-47.6231,-24.112],[-47.6214,-24.106],[-47.616,-24.1038],[-47.6125,-24.1006],[-47.611,-24.0959],[-47.5962,-24.0841],[-47.596,-24.0798],[-47.5934,-24.0819],[-47.5941,-24.0854],[-47.5919,-24.0884],[-47.5892,-24.0821],[-47.5851,-24.0798],[-47.584,-24.0763],[-47.5813,-24.0747],[-47.5766,-24.078],[-47.5708,-24.0783],[-47.5668,-24.0694],[-47.5678,-24.0625],[-47.5641,-24.0566],[-47.5625,-24.0494],[-47.5628,-24.0396],[-47.5576,-24.0389],[-47.5544,-24.0404],[-47.5537,-24.0369],[-47.541,-24.0379],[-47.5392,-24.0394],[-47.5394,-24.042],[-47.5319,-24.0437],[-47.5302,-24.0464],[-47.5123,-24.0464],[-47.5088,-24.0489],[-47.5021,-24.0502],[-47.4988,-24.0529],[-47.496,-24.0587],[-47.4938,-24.0587],[-47.4929,-24.0619],[-47.4947,-24.066],[-47.4922,-24.0702],[-47.4823,-24.0745],[-47.4801,-24.0764],[-47.4809,-24.0787],[-47.4793,-24.0785],[-47.4773,-24.0813],[-47.4785,-24.0857],[-47.4883,-24.0919],[-47.488,-24.0945],[-47.4899,-24.0969],[-47.486,-24.1049],[-47.4859,-24.1139],[-47.4832,-24.1213],[-47.4826,-24.1306],[-47.4843,-24.1316],[-47.4875,-24.1299],[-47.4949,-24.1304],[-47.5004,-24.1329],[-47.5196,-24.1473],[-47.5201,-24.1501],[-47.5163,-24.1542],[-47.5238,-24.156],[-47.5257,-24.1586],[-47.5258,-24.1626],[-47.5289,-24.163],[-47.5316,-24.1684],[-47.5375,-24.1698],[-47.5464,-24.1771],[-47.5554,-24.1795],[-47.557,-24.1828],[-47.5709,-24.1884],[-47.5672,-24.1901],[-47.5626,-24.199],[-47.5619,-24.202],[-47.5642,-24.2076],[-47.5625,-24.2114],[-47.5598,-24.2154],[-47.5568,-24.2165],[-47.5576,-24.2183],[-47.554,-24.2204],[-47.5532,-24.2233],[-47.5489,-24.2252],[-47.5488,-24.2275],[-47.553,-24.2291],[-47.5541,-24.2325],[-47.551,-24.2375],[-47.5514,-24.2418],[-47.5565,-24.2428],[-47.5513,-24.2494],[-47.5536,-24.2499],[-47.5575,-24.2558],[-47.5704,-24.2594],[-47.5753,-24.268],[-47.5681,-24.2835],[-47.5666,-24.2902],[-47.5674,-24.2934],[-47.563,-24.2983],[-47.5662,-24.3],[-47.5707,-24.2995],[-47.5719,-24.3092],[-47.5815,-24.309],[-47.5844,-24.3061],[-47.588,-24.3071],[-47.5867,-24.3132],[-47.5897,-24.3124],[-47.591,-24.3155],[-47.5885,-24.3178],[-47.5884,-24.3186]]]]}},{"type":"Feature","properties":{"CD_MUN":"3526209","NM_MUN":"Juquitiba"},"geometry":{"type":"MultiPolygon","coordinates":[[[[-46.9981,-24.0522],[-47.0029,-24.0571],[-47.0067,-24.0641],[-47.0165,-24.0569],[-47.0197,-24.0583],[-47.0212,-24.0555],[-47.0272,-24.0516],[-47.0267,-24.043],[-47.0299,-24.0422],[-47.0343,-24.0308],[-47.0396,-24.028],[-47.0407,-24.0243],[-47.0462,-24.0256],[-47.0463,-24.0182],[-47.0539,-24.0108],[-47.0575,-24.0102],[-47.0617,-24.0167],[-47.0648,-24.0183],[-47.0644,-24.0227],[-47.0676,-24.0252],[-47.0743,-24.0239],[-47.0884,-24.0174],[-47.0919,-24.0175],[-47.0926,-24.0098],[-47.0945,-24.0099],[-47.0958,-24.0065],[-47.0993,-24.0058],[-47.0998,-24.0002],[-47.0984,-23.9983],[-47.104,-23.997],[-47.1071,-23.9938],[-47.1184,-23.9979],[-47.1234,-23.9968],[-47.1247,-23.998],[-47.1225,-24.0007],[-47.1224,-24.0079],[-47.1306,-24.0092],[-47.1378,-24.0141],[-47.1398,-24.0141],[-47.1424,-24.0114],[-47.1504,-24.0107],[-47.1528,-24.0065],[-47.1575,-24.0064],[-47.162,-24.0031],[-47.1692,-24.0021],[-47.1717,-24.0036],[-47.1781,-24.0034],[-47.1825,-24.0008],[-47.1875,-24.0026],[-47.1902,-23.9991],[-47.1935,-23.998],[-47.1968,-24.0013],[-47.2,-24.0006],[-47.2007,-23.9986],[-47.1968,-23.996],[-47.195,-23.9923],[-47.19,-23.9919],[-47.1887,-23.9904],[-47.1946,-23.9821],[-47.1937,-23.975],[-47.1968,-23.976],[-47.1978,-23.9729],[-47.2011,-23.9734],[-47.1997,-23.9697],[-47.2008,-23.9689],[-47.2047,-23.9714],[-47.2059,-23.9662],[-47.2085,-23.9649],[-47.2032,-23.9594],[-47.1956,-23.9582],[-47.1937,-23.9534],[-47.197,-23.9534],[-47.1987,-23.9486],[-47.2009,-23.9491],[-47.2004,-23.9392],[-47.1984,-23.9389],[-47.1943,-23.942],[-47.189,-23.9396],[-47.1893,-23.9347],[-47.1917,-23.9336],[-47.1913,-23.9281],[-47.188,-23.9311],[-47.1827,-23.9303],[-47.18,-23.9372],[-47.178,-23.9363],[-47.1787,-23.9331],[-47.1757,-23.9318],[-47.1719,-23.9344],[-47.1627,-23.9341],[-47.16,-23.9356],[-47.1579,-23.9261],[-47.1558,-23.9237],[-47.1562,-23.9213],[-47.1506,-23.9184],[-47.1467,-23.913],[-47.1427,-23.9118],[-47.1427,-23.9087],[-47.1385,-23.9049],[-47.1382,-23.9031],[-47.1443,-23.9014],[-47.1391,-23.8999],[-47.1349,-23.8944],[-47.1353,-23.8912],[-47.1377,-23.891],[-47.1366,-23.8898],[-47.1397,-23.8899],[-47.1369,-23.8884],[-47.1369,-23.8857],[-47.1335,-23.8835],[-47.1325,-23.8844],[-47.1347,-23.8818],[-47.1332,-23.8792],[-47.1296,-23.8788],[-47.1273,-23.8766],[-47.1266,-23.8745],[-47.1293,-23.8751],[-47.1331,-23.8733],[-47.1319,-23.8726],[-47.1324,-23.8697],[-47.13,-23.8693],[-47.1297,-23.8611],[-47.1254,-23.8606],[-47.1251,-23.8579],[-47.1229,-23.8567],[-47.1235,-23.8531],[-47.1181,-23.8498],[-47.1164,-23.8404],[-47.1149,-23.8402],[-47.113,-23.8434],[-47.1103,-23.8424],[-47.1075,-23.8483],[-47.103,-23.8488],[-47.1019,-23.8472],[-47.0956,-23.8458],[-47.094,-23.8472],[-47.089,-23.847],[-47.0726,-23.8419],[-47.0659,-23.8435],[-47.066,-23.838],[-47.0596,-23.843],[-47.0567,-23.8416],[-47.0553,-23.844],[-47.0511,-23.8442],[-47.0474,-23.8409],[-47.044,-23.8397],[-47.0432,-23.8407],[-47.0445,-23.8373],[-47.0408,-23.838],[-47.0424,-23.8361],[-47.0377,-23.8354],[-47.0352,-23.8377],[-47.0358,-23.8405],[-47.0298,-23.8449],[-47.0284,-23.8481],[-47.0256,-23.8484],[-47.0152,-23.8582],[-47.0115,-23.8582],[-47.0112,-23.8613],[-47.006,-23.867],[-47.0022,-23.8671],[-47.002,-23.8701],[-46.9967,-23.873],[-46.9943,-23.8835],[-46.991,-23.8849],[-46.9884,-23.8892],[-46.9921,-23.894],[-46.9882,-23.893],[-46.9876,-23.8948],[-46.9858,-23.8938],[-46.983,-23.895],[-46.9829,-23.8935],[-46.9809,-23.8931],[-46.9813,-23.8914],[-46.9744,-23.8871],[-46.968,-23.8927],[-46.9636,-23.8934],[-46.9619,-23.9002],[-46.9563,-23.9004],[-46.9542,-23.9069],[-46.9555,-23.9086],[-46.9511,-23.9112],[-46.9511,-23.9216],[-46.9464,-23.9293],[-46.9436,-23.9311],[-46.9397,-23.9289],[-46.9374,-23.9294],[-46.9339,-23.9334],[-46.9251,-23.9367],[-46.9213,-23.9367],[-46.919,-23.9336],[-46.9157,-23.9384],[-46.9131,-23.937],[-46.9122,-23.9344],[-46.9098,-23.9365],[-46.9076,-23.936],[-46.9038,-23.9419],[-46.9034,-23.94],[-46.8993,-23.9406],[-46.8983,-23.9387],[-46.8934,-23.9381],[-46.8901,-23.9332],[-46.8867,-23.9339],[-46.8846,-23.9309],[-46.8791,-23.9282],[-46.8732,-23.9301],[-46.8722,-23.9355],[-46.8699,-23.936],[-46.8638,-23.9335],[-46.8624,-23.936],[-46.8597,-23.9355],[-46.8584,-23.9388],[-46.8561,-23.9381],[-46.8544,-23.9397],[-46.8537,-23.9379],[-46.8499,-23.9385],[-46.8491,-23.9362],[-46.8446,-23.935],[-46.8426,-23.938],[-46.8403,-23.9347],[-46.838,-23.9358],[-46.8365,-23.9341],[-46.8328,-23.9342],[-46.8278,-23.9316],[-46.8248,-23.928],[-46.8235,-23.9292],[-46.8201,-23.9275],[-46.8186,-23.9243],[-46.8129,-23.9196],[-46.8109,-23.9203],[-46.8061,-23.9396],[-46.8111,-23.9406],[-46.8152,-23.944],[-46.8205,-23.942],[-46.8227,-23.9448],[-46.8301,-23.9473],[-46.8284,-23.9487],[-46.8292,-23.9508],[-46.8244,-23.9533],[-46.8238,-23.9571],[-46.8354,-23.9564],[-46.8397,-23.9586],[-46.8405,-23.9625],[-46.8447,-23.9641],[-46.8464,-23.9629],[-46.8546,-23.973],[-46.8567,-23.971],[-46.8584,-23.9739],[-46.8628,-23.974],[-46.8682,-23.9801],[-46.8745,-23.9781],[-46.8801,-23.984],[-46.8827,-23.9848],[-46.8816,-23.989],[-46.883,-23.9897],[-46.8805,-23.9951],[-46.8789,-23.995],[-46.8759,-23.9994],[-46.876,-24.0035],[-46.8737,-24.0041],[-46.8718,-24.0021],[-46.8698,-24.0034],[-46.8697,-24.0081],[-46.8682,-24.0099],[-46.8696,-24.0149],[-46.8719,-24.0162],[-46.8677,-24.017],[-46.8676,-24.0199],[-46.8681,-24.0211],[-46.8714,-24.0207],[-46.8709,-24.023],[-46.8767,-24.0248],[-46.8814,-24.023],[-46.8841,-24.0299],[-46.8905,-24.0305],[-46.8933,-24.0344],[-46.8921,-24.0366],[-46.8876,-24.0358],[-46.8886,-24.0381],[-46.8931,-24.0401],[-46.8955,-24.0392],[-46.8998,-24.0441],[-46.9034,-24.0456],[-46.9079,-24.0453],[-46.9087,-24.0425],[-46.9109,-24.0419],[-46.9104,-24.0398],[-46.9126,-24.0399],[-46.9161,-24.0448],[-46.921,-24.041],[-46.9232,-24.0416],[-46.923,-24.0445],[-46.9244,-24.0456],[-46.9286,-24.0431],[-46.9299,-24.0441],[-46.9313,-24.0416],[-46.9365,-24.044],[-46.9425,-24.0429],[-46.943,-24.0409],[-46.9462,-24.0403],[-46.9518,-24.0447],[-46.9587,-24.0444],[-46.9616,-24.0478],[-46.9648,-24.0434],[-46.9672,-24.0501],[-46.9632,-24.0566],[-46.9638,-24.0586],[-46.9672,-24.0593],[-46.9702,-24.0624],[-46.9733,-24.0619],[-46.9763,-24.0639],[-46.9793,-24.0635],[-46.982,-24.0582],[-46.988,-24.0594],[-46.9978,-24.0521],[-46.9981,-24.0522]]]]}},{"type":"Feature","properties":{"CD_MUN":"3549953","NM_MUN":"São Lourenço da Serra"},"geometry":{"type":"MultiPolygon","coordinates":[[[[-46.8888,-23.9013],[-46.8888,-23.9122],[-46.8905,-23.9171],[-46.8964,-23.9208],[-46.8985,-23.9278],[-46.9021,-23.927],[-46.9048,-23.9288],[-46.9077,-23.935],[-46.9122,-23.9344],[-46.9131,-23.937],[-46.9157,-23.9384],[-46.9186,-23.9337],[-46.9202,-23.9337],[-46.9213,-23.9367],[-46.9242,-23.9369],[-46.9313,-23.9349],[-46.9374,-23.9294],[-46.9397,-23.9289],[-46.9442,-23.931],[-46.9511,-23.9216],[-46.9511,-23.9112],[-46.9555,-23.9086],[-46.9542,-23.9069],[-46.9563,-23.9004],[-46.9617,-23.9004],[-46.9636,-23.8934],[-46.968,-23.8927],[-46.974,-23.8871],[-46.9813,-23.8914],[-46.9809,-23.8931],[-46.9829,-23.8935],[-46.983,-23.895],[-46.9858,-23.8938],[-46.9876,-23.8948],[-46.9882,-23.893],[-46.9921,-23.894],[-46.9884,-23.8892],[-46.991,-23.8849],[-46.9943,-23.8835],[-46.9967,-23.873],[-47.002,-23.8701],[-47.0022,-23.8671],[-47.006,-23.867],[-47.0112,-23.8613],[-47.0115,-23.8582],[-47.0152,-23.8582],[-47.0256,-23.8484],[-47.0286,-23.8478],[-47.0277,-23.844],[-47.0258,-23.844],[-47.025,-23.8412],[-47.0226,-23.8403],[-47.0219,-23.8363],[-47.0148,-23.8356],[-47.0146,-23.8309],[-47.0126,-23.8308],[-47.0143,-23.8282],[-47.013,-23.8251],[-47.0176,-23.8213],[-47.0158,-23.8201],[-47.0174,-23.8176],[-47.0153,-23.8147],[-47.0072,-23.8157],[-47.0012,-23.8127],[-46.9946,-23.8117],[-46.9919,-23.8092],[-46.9865,-23.8084],[-46.984,-23.803],[-46.9852,-23.8008],[-46.9888,-23.7999],[-46.9809,-23.7951],[-46.9799,-23.79],[-46.9823,-23.7873],[-46.9822,-23.784],[-46.9758,-23.7789],[-46.9723,-23.779],[-46.9673,-23.7745],[-46.9638,-23.7797],[-46.9659,-23.7841],[-46.9599,-23.7881],[-46.9578,-23.7924],[-46.9551,-23.7914],[-46.9508,-23.7927],[-46.9475,-23.787],[-46.9402,-23.7858],[-46.9397,-23.7797],[-46.9364,-23.7739],[-46.9312,-23.7779],[-46.9152,-23.7832],[-46.9118,-23.7913],[-46.9091,-23.7917],[-46.9104,-23.7853],[-46.9048,-23.7879],[-46.9033,-23.7903],[-46.8995,-23.7919],[-46.8991,-23.7959],[-46.8932,-23.7955],[-46.881,-23.7901],[-46.8783,-23.7956],[-46.8749,-23.7977],[-46.879,-23.7985],[-46.8818,-23.8038],[-46.8783,-23.811],[-46.8801,-23.8166],[-46.8847,-23.8179],[-46.8857,-23.8217],[-46.883,-23.8281],[-46.8956,-23.8377],[-46.8925,-23.8387],[-46.8916,-23.8413],[-46.8847,-23.8418],[-46.8811,-23.8465],[-46.8781,-23.847],[-46.8723,-23.8531],[-46.87,-23.8522],[-46.8653,-23.854],[-46.8612,-23.852],[-46.8577,-23.8549],[-46.8557,-23.8535],[-46.8542,-23.8547],[-46.8508,-23.8538],[-46.8484,-23.8563],[-46.8501,-23.8644],[-46.8559,-23.8763],[-46.8582,-23.8781],[-46.861,-23.8864],[-46.8662,-23.8868],[-46.8702,-23.8917],[-46.8701,-23.8949],[-46.8813,-23.8933],[-46.8886,-23.9011],[-46.8888,-23.9013]]]]}},{"type":"Feature","properties":{"CD_MUN":"3509254","NM_MUN":"Cajati"},"geometry":{"type":"MultiPolygon","coordinates":[[[[-48.3194,-24.8647],[-48.3149,-24.8623],[-48.3084,-24.8614],[-48.3093,-24.8599],[-48.3072,-24.8556],[-48.2989,-24.8547],[-48.2958,-24.8493],[-48.2828,-24.8434],[-48.2706,-24.8409],[-48.2692,-24.8325],[-48.2698,-24.8312],[-48.278,-24.8331],[-48.2834,-24.838],[-48.2859,-24.8373],[-48.2893,-24.839],[-48.2922,-24.8378],[-48.295,-24.8405],[-48.2996,-24.8362],[-48.3031,-24.8382],[-48.3059,-24.8374],[-48.3022,-24.8335],[-48.3025,-24.8286],[-48.3082,-24.828],[-48.3092,-24.8234],[-48.3065,-24.8202],[-48.3051,-24.8148],[-48.2994,-24.8162],[-48.2949,-24.8134],[-48.2962,-24.812],[-48.2945,-24.805],[-48.2964,-24.8],[-48.3033,-24.7963],[-48.3025,-24.7939],[-48.304,-24.7929],[-48.304,-24.7897],[-48.2979,-24.7884],[-48.2966,-24.784],[-48.2924,-24.7858],[-48.2923,-24.7815],[-48.2899,-24.7772],[-48.2941,-24.7713],[-48.2965,-24.7705],[-48.2954,-24.7647],[-48.2964,-24.7624],[-48.3023,-24.7626],[-48.3039,-24.7526],[-48.3014,-24.7524],[-48.3008,-24.7494],[-48.3043,-24.7428],[-48.3085,-24.7426],[-48.307,-24.7327],[-48.3011,-24.731],[-48.2938,-24.7312],[-48.2913,-24.7277],[-48.2836,-24.7254],[-48.2837,-24.7175],[-48.2802,-24.7165],[-48.2776,-24.7176],[-48.2745,-24.716],[-48.2726,-24.7146],[-48.2739,-24.7137],[-48.2728,-24.7109],[-48.2643,-24.7115],[-48.2646,-24.7101],[-48.2612,-24.7077],[-48.258,-24.708],[-48.2477,-24.7003],[-48.2407,-24.6975],[-48.2397,-24.6886],[-48.2365,-24.6869],[-48.233,-24.6857],[-48.2273,-24.6875],[-48.2207,-24.6872],[-48.2146,-24.6922],[-48.2088,-24.6908],[-48.2071,-24.6878],[-48.2052,-24.6877],[-48.2272,-24.6765],[-48.2139,-24.6714],[-48.2124,-24.6689],[-48.2094,-24.6678],[-48.2086,-24.6642],[-48.1945,-24.6644],[-48.1904,-24.6602],[-48.1713,-24.6585],[-48.1702,-24.6528],[-48.167,-24.6485],[-48.1631,-24.6472],[-48.1647,-24.6442],[-48.1638,-24.6424],[-48.1626,-24.6438],[-48.1559,-24.6407],[-48.1502,-24.6457],[-48.1354,-24.6453],[-48.1284,-24.6497],[-48.129,-24.6579],[-48.1277,-24.6598],[-48.1223,-24.6628],[-48.1125,-24.6641],[-48.0933,-24.6711],[-48.099,-24.6737],[-48.0964,-24.6775],[-48.0949,-24.6868],[-48.0876,-24.6894],[-48.0868,-24.6926],[-48.0734,-24.7052],[-48.0636,-24.7093],[-48.0651,-24.7105],[-48.0639,-24.7115],[-48.0605,-24.709],[-48.0589,-24.7096],[-48.0578,-24.7134],[-48.0561,-24.7126],[-48.0557,-24.7146],[-48.0537,-24.7136],[-48.0514,-24.7148],[-48.0522,-24.7169],[-48.0502,-24.7175],[-48.0512,-24.7181],[-48.0495,-24.7188],[-48.0487,-24.7176],[-48.0466,-24.7194],[-48.0485,-24.7207],[-48.0525,-24.7314],[-48.055,-24.7333],[-48.0593,-24.7328],[-48.0591,-24.7346],[-48.0631,-24.7343],[-48.0615,-24.7395],[-48.0637,-24.7435],[-48.0614,-24.7457],[-48.0631,-24.7479],[-48.0626,-24.7503],[-48.0652,-24.7505],[-48.072,-24.7553],[-48.0762,-24.7516],[-48.077,-24.754],[-48.0811,-24.7556],[-48.0808,-24.7576],[-48.0846,-24.7564],[-48.0823,-24.7618],[-48.0894,-24.7596],[-48.0905,-24.7621],[-48.0935,-24.7604],[-48.0924,-24.7589],[-48.0958,-24.7581],[-48.097,-24.7621],[-48.0957,-24.7657],[-48.1038,-24.7768],[-48.1116,-24.7779],[-48.1166,-24.7813],[-48.1279,-24.7962],[-48.13,-24.8163],[-48.1288,-24.822],[-48.1317,-24.8258],[-48.1299,-24.8384],[-48.1392,-24.8422],[-48.1474,-24.842],[-48.1488,-24.8449],[-48.1571,-24.8479],[-48.1585,-24.8559],[-48.167,-24.867],[-48.1695,-24.8751],[-48.1708,-24.8762],[-48.1765,-24.8746],[-48.1815,-24.8788],[-48.1916,-24.8837],[-48.2024,-24.8956],[-48.2055,-24.9079],[-48.2086,-24.9092],[-48.2142,-24.9057],[-48.2166,-24.9083],[-48.2264,-24.9075],[-48.2343,-24.9015],[-48.2399,-24.9015],[-48.2448,-24.9076],[-48.2476,-24.9068],[-48.251,-24.9115],[-48.2559,-24.9117],[-48.2601,-24.9087],[-48.261,-24.8991],[-48.2641,-24.8941],[-48.2626,-24.8921],[-48.2557,-24.8906],[-48.2527,-24.8877],[-48.2579,-24.884],[-48.2616,-24.8788],[-48.2685,-24.8827],[-48.2745,-24.8806],[-48.2801,-24.8832],[-48.2823,-24.8823],[-48.2828,-24.8791],[-48.2931,-24.8788],[-48.2973,-24.8802],[-48.3052,-24.8742],[-48.3156,-24.8751],[-48.3176,-24.8674],[-48.3194,-24.8647]]]]}},{"type":"Feature","properties":{"CD_MUN":"3524600","NM_MUN":"Jacupiranga"},"geometry":{"type":"MultiPolygon","coordinates":[[[[-48.0254,-24.9466],[-48.0256,-24.9538],[-48.0282,-24.9552],[-48.0313,-24.9626],[-48.0343,-24.9638],[-48.0357,-24.9663],[-48.0449,-24.9597],[-48.0544,-24.9585],[-48.0573,-24.956],[-48.0623,-24.9585],[-48.0671,-24.9545],[-48.0719,-24.9531],[-48.0784,-24.9538],[-48.0808,-24.9586],[-48.0905,-24.9575],[-48.0982,-24.9619],[-48.099,-24.9652],[-48.0961,-24.9716],[-48.0996,-24.9752],[-48.1053,-24.9761],[-48.1124,-24.9737],[-48.1151,-24.9773],[-48.124,-24.9814],[-48.1348,-24.9794],[-48.1379,-24.9864],[-48.1444,-24.9846],[-48.1468,-24.9754],[-48.1506,-24.9749],[-48.1528,-24.9705],[-48.1623,-24.9648],[-48.1703,-24.9701],[-48.175,-24.969],[-48.1804,-24.9706],[-48.1919,-24.9617],[-48.2076,-24.9592],[-48.2105,-24.9569],[-48.2126,-24.9498],[-48.2164,-24.9484],[-48.216,-24.9452],[-48.2175,-24.943],[-48.2165,-24.9418],[-48.2255,-24.9344],[-48.2194,-24.927],[-48.211,-24.9224],[-48.2108,-24.9164],[-48.2086,-24.9136],[-48.2112,-24.9074],[-48.2086,-24.9092],[-48.2055,-24.9079],[-48.2024,-24.8956],[-48.1955,-24.8874],[-48.1765,-24.8746],[-48.1708,-24.8762],[-48.1695,-24.8751],[-48.167,-24.867],[-48.1585,-24.8559],[-48.1577,-24.8485],[-48.1488,-24.8449],[-48.1474,-24.842],[-48.1392,-24.8422],[-48.1299,-24.8384],[-48.1317,-24.8258],[-48.1288,-24.822],[-48.13,-24.8163],[-48.1279,-24.7962],[-48.1166,-24.7813],[-48.1116,-24.7779],[-48.1038,-24.7768],[-48.0957,-24.7657],[-48.097,-24.7621],[-48.0958,-24.7581],[-48.0924,-24.7589],[-48.0935,-24.7604],[-48.0905,-24.7621],[-48.0894,-24.7596],[-48.0823,-24.7618],[-48.0846,-24.7564],[-48.0808,-24.7576],[-48.0811,-24.7556],[-48.077,-24.754],[-48.0762,-24.7516],[-48.072,-24.7553],[-48.0652,-24.7505],[-48.0626,-24.7503],[-48.0631,-24.7479],[-48.0614,-24.7457],[-48.0637,-24.7435],[-48.0615,-24.7395],[-48.0631,-24.7343],[-48.0591,-24.7346],[-48.0593,-24.7328],[-48.055,-24.7333],[-48.0525,-24.7314],[-48.0485,-24.7207],[-48.0465,-24.7198],[-48.0487,-24.7176],[-48.0495,-24.7188],[-48.0512,-24.7181],[-48.0502,-24.7175],[-48.0522,-24.7169],[-48.0514,-24.7148],[-48.0537,-24.7136],[-48.0557,-24.7146],[-48.0561,-24.7126],[-48.0578,-24.7134],[-48.0589,-24.7096],[-48.0605,-24.709],[-48.0639,-24.7115],[-48.0651,-24.7105],[-48.0636,-24.7093],[-48.0734,-24.7052],[-48.0868,-24.6926],[-48.0876,-24.6894],[-48.0949,-24.6868],[-48.0964,-24.6775],[-48.099,-24.6737],[-48.0933,-24.6711],[-48.1125,-24.6641],[-48.1223,-24.6628],[-48.1282,-24.6593],[-48.1289,-24.6474],[-48.1252,-24.6411],[-48.1299,-24.6334],[-48.1283,-24.6282],[-48.1295,-24.6273],[-48.1265,-24.6251],[-48.1278,-24.6233],[-48.127,-24.6071],[-48.1355,-24.5988],[-48.1257,-24.5957],[-48.1178,-24.5869],[-48.1021,-24.5886],[-48.1007,-24.584],[-48.0926,-24.5813],[-48.0901,-24.5822],[-48.0854,-24.5805],[-48.0812,-24.5835],[-48.0733,-24.5821],[-48.0686,-24.5853],[-48.0529,-24.577],[-48.0399,-24.5787],[-48.033,-24.5762],[-48.0264,-24.5788],[-48.0215,-24.5789],[-48.0153,-24.5822],[-48.0089,-24.5743],[-48.0015,-24.5712],[-47.9869,-24.5841],[-47.978,-24.5826],[-47.9719,-24.5794],[-47.9615,-24.5799],[-47.9581,-24.5825],[-47.9561,-24.5819],[-47.9566,-24.5832],[-47.9553,-24.5836],[-47.9503,-24.5798],[-47.9465,-24.5807],[-47.9497,-24.5852],[-47.9543,-24.5877],[-47.9606,-24.5875],[-47.9659,-24.5903],[-47.9761,-24.5896],[-47.9788,-24.5918],[-47.9794,-24.5958],[-47.9762,-24.5994],[-47.9725,-24.6001],[-47.9712,-24.6045],[-47.9659,-24.6103],[-47.966,-24.6122],[-47.9715,-24.6137],[-47.9737,-24.6179],[-47.9794,-24.6227],[-47.9721,-24.6216],[-47.9676,-24.6253],[-47.9589,-24.6277],[-47.9546,-24.6359],[-47.9515,-24.6384],[-47.95,-24.6371],[-47.9377,-24.636],[-47.9389,-24.6323],[-47.9419,-24.6329],[-47.9399,-24.6288],[-47.9437,-24.6298],[-47.9401,-24.6265],[-47.9357,-24.6268],[-47.9318,-24.6295],[-47.9307,-24.6266],[-47.9283,-24.6288],[-47.9262,-24.6252],[-47.9212,-24.6252],[-47.9156,-24.6307],[-47.9197,-24.6432],[-47.9259,-24.6483],[-47.9251,-24.6614],[-47.927,-24.6645],[-47.9259,-24.6664],[-47.9267,-24.6732],[-47.9286,-24.6772],[-47.9371,-24.6825],[-47.9383,-24.6903],[-47.9412,-24.696],[-47.9535,-24.6964],[-47.9533,-24.7087],[-47.9567,-24.7102],[-47.9558,-24.7137],[-47.9575,-24.7178],[-47.9621,-24.7176],[-47.9644,-24.7209],[-47.9584,-24.7258],[-47.9599,-24.7278],[-47.9581,-24.7318],[-47.9632,-24.7385],[-47.9635,-24.7413],[-47.9604,-24.744],[-47.9508,-24.7608],[-47.9431,-24.7672],[-47.9454,-24.772],[-47.9272,-24.7807],[-47.9309,-24.7891],[-47.9273,-24.7917],[-47.9259,-24.7951],[-47.9286,-24.7971],[-47.9316,-24.8051],[-47.9385,-24.8108],[-47.9329,-24.8208],[-47.9294,-24.8222],[-47.9227,-24.832],[-47.9178,-24.8327],[-47.9137,-24.8373],[-47.9129,-24.8413],[-47.9166,-24.8497],[-47.9155,-24.8561],[-47.9178,-24.8571],[-47.9212,-24.8543],[-47.9235,-24.8556],[-47.9226,-24.8499],[-47.9288,-24.8499],[-47.9407,-24.8445],[-47.9486,-24.8353],[-47.9549,-24.836],[-47.9588,-24.8459],[-47.9573,-24.852],[-47.9581,-24.8551],[-47.9633,-24.8602],[-47.9615,-24.8664],[-47.9568,-24.8717],[-47.9557,-24.8768],[-47.9597,-24.8787],[-47.9677,-24.8721],[-47.9731,-24.8713],[-47.983,-24.8662],[-47.9877,-24.861],[-47.986,-24.8557],[-47.9916,-24.8466],[-47.995,-24.8486],[-48.0,-24.8487],[-48.0035,-24.8534],[-48.007,-24.8502],[-48.0085,-24.8504],[-48.0099,-24.8536],[-48.0125,-24.8534],[-48.0286,-24.8431],[-48.0332,-24.8418],[-48.0356,-24.8361],[-48.0407,-24.8341],[-48.0451,-24.8356],[-48.0492,-24.8342],[-48.0519,-24.8353],[-48.0518,-24.84],[-48.0536,-24.8424],[-48.057,-24.8427],[-48.0564,-24.8464],[-48.0578,-24.8484],[-48.0557,-24.8515],[-48.0491,-24.852],[-48.0482,-24.8573],[-48.0437,-24.8596],[-48.0415,-24.8714],[-48.0441,-24.8751],[-48.0427,-24.879],[-48.044,-24.8845],[-48.0416,-24.8888],[-48.0352,-24.8919],[-48.038,-24.8961],[-48.0378,-24.9006],[-48.0348,-24.9046],[-48.0367,-24.9132],[-48.0356,-24.9167],[-48.0435,-24.919],[-48.0464,-24.9217],[-48.0471,-24.9267],[-48.0406,-24.9347],[-48.0281,-24.9419],[-48.026,-24.9454],[-48.0254,-24.9466]]]]}},{"type":"Feature","properties":{"CD_MUN":"3523305","NM_MUN":"Itariri"},"geometry":{"type":"MultiPolygon","coordinates":[[[[-47.2467,-24.3616],[-47.2446,-24.3586],[-47.2388,-24.358],[-47.2327,-24.3607],[-47.2308,-24.358],[-47.2305,-24.3566],[-47.2381,-24.3505],[-47.2393,-24.3473],[-47.238,-24.345],[-47.2387,-24.3412],[-47.2354,-24.3388],[-47.2341,-24.3324],[-47.2311,-24.328],[-47.2258,-24.3259],[-47.2215,-24.3278],[-47.2183,-24.3265],[-47.2146,-24.328],[-47.2063,-24.3247],[-47.2092,-24.3099],[-47.2074,-24.306],[-47.2076,-24.3011],[-47.2042,-24.2987],[-47.2055,-24.2969],[-47.2033,-24.2894],[-47.1921,-24.2833],[-47.1957,-24.2821],[-47.1977,-24.2774],[-47.1971,-24.2688],[-47.192,-24.2614],[-47.1935,-24.2598],[-47.1917,-24.254],[-47.1921,-24.2494],[-47.1965,-24.2441],[-47.1867,-24.2393],[-47.1837,-24.2349],[-47.1735,-24.2328],[-47.1737,-24.225],[-47.172,-24.2211],[-47.1666,-24.2228],[-47.1576,-24.2217],[-47.1503,-24.2165],[-47.1453,-24.2157],[-47.1432,-24.2138],[-47.1473,-24.2118],[-47.1478,-24.208],[-47.1424,-24.2024],[-47.1333,-24.1976],[-47.1324,-24.1955],[-47.1238,-24.1959],[-47.1259,-24.1984],[-47.1245,-24.2002],[-47.1282,-24.205],[-47.1265,-24.2079],[-47.1313,-24.2147],[-47.1192,-24.224],[-47.115,-24.2217],[-47.1043,-24.2253],[-47.1033,-24.2227],[-47.0984,-24.2203],[-47.0963,-24.2163],[-47.0937,-24.2192],[-47.0887,-24.2193],[-47.0855,-24.2175],[-47.0817,-24.2186],[-47.0817,-24.2119],[-47.0787,-24.2103],[-47.0765,-24.2038],[-47.0683,-24.2007],[-47.0645,-24.2018],[-47.0584,-24.2117],[-47.0545,-24.2114],[-47.0473,-24.2174],[-47.0459,-24.2163],[-47.0415,-24.2173],[-47.0392,-24.219],[-47.0383,-24.2225],[-47.0345,-24.2229],[-47.0327,-24.2198],[-47.029,-24.2197],[-47.029,-24.232],[-47.0364,-24.2339],[-47.0409,-24.2381],[-47.0426,-24.2434],[-47.0451,-24.2453],[-47.0435,-24.2503],[-47.0468,-24.2509],[-47.0519,-24.2561],[-47.0562,-24.2654],[-47.0505,-24.2716],[-47.0481,-24.2768],[-47.0394,-24.2736],[-47.038,-24.2769],[-47.0337,-24.2756],[-47.0319,-24.2797],[-47.0264,-24.2786],[-47.0214,-24.2828],[-47.0336,-24.3226],[-47.0433,-24.3345],[-47.0498,-24.3359],[-47.0557,-24.3393],[-47.0622,-24.3384],[-47.0641,-24.3403],[-47.0645,-24.3445],[-47.0732,-24.343],[-47.0869,-24.3485],[-47.0908,-24.353],[-47.0965,-24.3548],[-47.1031,-24.3551],[-47.108,-24.3522],[-47.1116,-24.3533],[-47.1223,-24.3662],[-47.1265,-24.365],[-47.1288,-24.3659],[-47.1317,-24.3617],[-47.1385,-24.3657],[-47.1463,-24.365],[-47.1481,-24.3634],[-47.1537,-24.3686],[-47.1625,-24.3666],[-47.1646,-24.3645],[-47.1685,-24.3661],[-47.1725,-24.3649],[-47.1748,-24.3664],[-47.1752,-24.3695],[-47.1785,-24.3738],[-47.1818,-24.375],[-47.1851,-24.3737],[-47.1858,-24.3686],[-47.1882,-24.3684],[-47.1883,-24.3661],[-47.1926,-24.3623],[-47.1985,-24.3649],[-47.1977,-24.3679],[-47.2007,-24.3699],[-47.2059,-24.3695],[-47.2095,-24.3717],[-47.2175,-24.3697],[-47.2204,-24.3717],[-47.2201,-24.3747],[-47.2344,-24.3773],[-47.2349,-24.3748],[-47.2369,-24.3737],[-47.2479,-24.3734],[-47.2471,-24.3687],[-47.2487,-24.3661],[-47.2471,-24.3617],[-47.2467,-24.3616]]]]}},{"type":"Feature","properties":{"CD_MUN":"3522653","NM_MUN":"Itapirapuã Paulista"},"geometry":{"type":"MultiPolygon","coordinates":[[[[-49.3177,-24.5666],[-49.3177,-24.5641],[-49.3146,-24.5625],[-49.316,-24.5555],[-49.3098,-24.5534],[-49.3098,-24.5499],[-49.3071,-24.5499],[-49.3056,-24.5464],[-49.3028,-24.5501],[-49.2971,-24.5496],[-49.2957,-24.5521],[-49.2925,-24.5529],[-49.2923,-24.5443],[-49.2837,-24.5408],[-49.2803,-24.5373],[-49.2803,-24.5347],[-49.2838,-24.5337],[-49.2875,-24.5284],[-49.2868,-24.5232],[-49.2883,-24.5228],[-49.2864,-24.5161],[-49.2871,-24.5142],[-49.2896,-24.5134],[-49.2897,-24.5105],[-49.2947,-24.5064],[-49.2964,-24.5033],[-49.2957,-24.5003],[-49.2915,-24.4999],[-49.2843,-24.4948],[-49.2696,-24.4923],[-49.2713,-24.4902],[-49.2702,-24.4857],[-49.2712,-24.4833],[-49.2655,-24.4793],[-49.2639,-24.4744],[-49.2591,-24.4728],[-49.2546,-24.4739],[-49.2537,-24.4705],[-49.249,-24.4715],[-49.2469,-24.4691],[-49.2489,-24.4647],[-49.2485,-24.4634],[-49.2453,-24.4651],[-49.2453,-24.4584],[-49.2535,-24.4557],[-49.2517,-24.4516],[-49.2534,-24.4496],[-49.2505,-24.4454],[-49.2263,-24.4312],[-49.2238,-24.4246],[-49.2177,-24.4223],[-49.2164,-24.4188],[-49.2123,-24.4182],[-49.2055,-24.4102],[-49.2,-24.413],[-49.1965,-24.4173],[-49.1911,-24.4167],[-49.1859,-24.422],[-49.1903,-24.4299],[-49.1972,-24.4335],[-49.1928,-24.4365],[-49.1959,-24.4407],[-49.1936,-24.4461],[-49.1871,-24.4486],[-49.1852,-24.4535],[-49.1808,-24.4514],[-49.1739,-24.4508],[-49.1688,-24.448],[-49.1718,-24.4518],[-49.1717,-24.457],[-49.164,-24.4628],[-49.1614,-24.4731],[-49.1517,-24.4777],[-49.1503,-24.485],[-49.1485,-24.4868],[-49.1471,-24.4839],[-49.1441,-24.4824],[-49.1424,-24.4838],[-49.1377,-24.4837],[-49.1353,-24.4819],[-49.1319,-24.4842],[-49.1306,-24.488],[-49.1256,-24.4905],[-49.1233,-24.4957],[-49.1265,-24.5082],[-49.1253,-24.5149],[-49.1305,-24.5184],[-49.1394,-24.5167],[-49.1445,-24.5174],[-49.1475,-24.5217],[-49.1466,-24.5254],[-49.1491,-24.5261],[-49.1462,-24.5289],[-49.1485,-24.5309],[-49.1467,-24.5316],[-49.1474,-24.5352],[-49.1376,-24.5351],[-49.134,-24.5377],[-49.1326,-24.5366],[-49.1308,-24.5393],[-49.1309,-24.5419],[-49.1332,-24.5423],[-49.1325,-24.5447],[-49.1338,-24.5454],[-49.1325,-24.547],[-49.1346,-24.5485],[-49.1334,-24.5533],[-49.1425,-24.5587],[-49.143,-24.5618],[-49.1361,-24.5622],[-49.1344,-24.5589],[-49.1291,-24.5606],[-49.129,-24.5633],[-49.1323,-24.564],[-49.1352,-24.5679],[-49.1339,-24.5706],[-49.1354,-24.5817],[-49.1337,-24.5852],[-49.1358,-24.5866],[-49.1446,-24.5843],[-49.151,-24.5857],[-49.1525,-24.5878],[-49.1504,-24.5929],[-49.1515,-24.5952],[-49.1639,-24.5958],[-49.1633,-24.5993],[-49.1657,-24.6013],[-49.1653,-24.605],[-49.1698,-24.6067],[-49.1714,-24.6098],[-49.1714,-24.6121],[-49.1663,-24.6148],[-49.164,-24.6183],[-49.1659,-24.6233],[-49.1618,-24.6274],[-49.1582,-24.6271],[-49.1579,-24.6291],[-49.154,-24.6309],[-49.1507,-24.64],[-49.1517,-24.6428],[-49.1506,-24.6453],[-49.1555,-24.6471],[-49.1592,-24.655],[-49.1579,-24.6719],[-49.1625,-24.6714],[-49.1698,-24.6756],[-49.1748,-24.6721],[-49.1857,-24.6728],[-49.1915,-24.678],[-49.1945,-24.6831],[-49.205,-24.686],[-49.2064,-24.6889],[-49.2043,-24.6959],[-49.2099,-24.7018],[-49.2148,-24.7022],[-49.2233,-24.6986],[-49.237,-24.6991],[-49.2444,-24.6968],[-49.2574,-24.6964],[-49.2628,-24.6925],[-49.2757,-24.6944],[-49.288,-24.6844],[-49.2942,-24.6759],[-49.3054,-24.6736],[-49.305,-24.669],[-49.312,-24.6635],[-49.3082,-24.6609],[-49.3072,-24.658],[-49.3026,-24.6581],[-49.2999,-24.654],[-49.3017,-24.6498],[-49.3097,-24.6458],[-49.3064,-24.6429],[-49.3107,-24.6402],[-49.3137,-24.6421],[-49.3164,-24.639],[-49.3134,-24.638],[-49.3141,-24.6321],[-49.3116,-24.6303],[-49.3071,-24.6217],[-49.3146,-24.6143],[-49.3123,-24.6108],[-49.3141,-24.6083],[-49.3119,-24.6051],[-49.3131,-24.6047],[-49.3084,-24.6035],[-49.3092,-24.6022],[-49.3036,-24.5969],[-49.3166,-24.588],[-49.3124,-24.5861],[-49.3128,-24.5825],[-49.3109,-24.581],[-49.3126,-24.5789],[-49.3117,-24.5746],[-49.3138,-24.5723],[-49.3135,-24.57],[-49.3169,-24.5676],[-49.3177,-24.5666]]]]}},{"type":"Feature","properties":{"CD_MUN":"3514809","NM_MUN":"Eldorado"},"geometry":{"type":"MultiPolygon","coordinates":[[[[-48.2435,-24.6983],[-48.2562,-24.7071],[-48.2612,-24.7077],[-48.2646,-24.7101],[-48.2643,-24.7115],[-48.2728,-24.7109],[-48.2739,-24.7137],[-48.2726,-24.7146],[-48.2745,-24.716],[-48.2776,-24.7176],[-48.2802,-24.7165],[-48.2837,-24.7175],[-48.2836,-24.7254],[-48.2913,-24.7277],[-48.2934,-24.731],[-48.307,-24.7327],[-48.3085,-24.7426],[-48.3043,-24.7428],[-48.3008,-24.7494],[-48.3014,-24.7524],[-48.3039,-24.7526],[-48.3023,-24.7626],[-48.2964,-24.7624],[-48.2954,-24.7647],[-48.2965,-24.7705],[-48.2941,-24.7713],[-48.2899,-24.7772],[-48.2923,-24.7815],[-48.2924,-24.7858],[-48.2966,-24.784],[-48.2979,-24.7884],[-48.304,-24.7897],[-48.304,-24.7929],[-48.3025,-24.7939],[-48.3033,-24.7963],[-48.2964,-24.8],[-48.2959,-24.8024],[-48.3013,-24.8044],[-48.3052,-24.8034],[-48.3097,-24.8067],[-48.3149,-24.8071],[-48.3142,-24.8045],[-48.3195,-24.8011],[-48.3194,-24.7973],[-48.3252,-24.7969],[-48.3285,-24.7931],[-48.3317,-24.7962],[-48.3352,-24.7954],[-48.338,-24.7987],[-48.3355,-24.8005],[-48.3407,-24.8015],[-48.3457,-24.7981],[-48.3461,-24.7923],[-48.3494,-24.7922],[-48.3517,-24.7947],[-48.3552,-24.7918],[-48.3585,-24.7883],[-48.3599,-24.7776],[-48.3638,-24.7719],[-48.3695,-24.7672],[-48.3703,-24.7701],[-48.3725,-24.7684],[-48.3776,-24.7681],[-48.3789,-24.7653],[-48.3776,-24.763],[-48.3824,-24.7578],[-48.3901,-24.7571],[-48.3924,-24.7546],[-48.3893,-24.7551],[-48.3849,-24.7523],[-48.3834,-24.7492],[-48.3896,-24.7444],[-48.3878,-24.7385],[-48.3909,-24.7338],[-48.3964,-24.7323],[-48.3992,-24.7266],[-48.4036,-24.7239],[-48.4063,-24.7179],[-48.4112,-24.7193],[-48.4187,-24.7159],[-48.4192,-24.7109],[-48.4126,-24.7069],[-48.412,-24.7038],[-48.4151,-24.6992],[-48.4146,-24.6919],[-48.4171,-24.6917],[-48.4222,-24.6874],[-48.4208,-24.6842],[-48.4217,-24.6809],[-48.4166,-24.6754],[-48.4093,-24.6724],[-48.4039,-24.6667],[-48.4084,-24.6665],[-48.4038,-24.6627],[-48.4065,-24.6567],[-48.4099,-24.6574],[-48.4128,-24.656],[-48.4203,-24.6595],[-48.4273,-24.6572],[-48.4278,-24.6541],[-48.4347,-24.6549],[-48.4435,-24.6516],[-48.4463,-24.6533],[-48.4496,-24.6528],[-48.4516,-24.6558],[-48.4508,-24.6586],[-48.4538,-24.6603],[-48.4594,-24.6602],[-48.4612,-24.6621],[-48.4646,-24.66],[-48.4621,-24.6608],[-48.4593,-24.656],[-48.4571,-24.6461],[-48.4603,-24.6427],[-48.46,-24.6408],[-48.4522,-24.6273],[-48.454,-24.6166],[-48.4513,-24.6149],[-48.4463,-24.6058],[-48.4477,-24.604],[-48.4458,-24.6039],[-48.4466,-24.6023],[-48.4455,-24.6019],[-48.4475,-24.5993],[-48.4442,-24.5964],[-48.4424,-24.5966],[-48.4403,-24.593],[-48.4326,-24.591],[-48.4337,-24.5899],[-48.4308,-24.5881],[-48.4307,-24.5844],[-48.4256,-24.5863],[-48.4251,-24.5837],[-48.4218,-24.5826],[-48.4199,-24.5871],[-48.4155,-24.5854],[-48.413,-24.5869],[-48.4041,-24.578],[-48.4042,-24.5738],[-48.4023,-24.5713],[-48.3986,-24.5703],[-48.3932,-24.5728],[-48.3908,-24.5708],[-48.394,-24.565],[-48.3986,-24.5642],[-48.4026,-24.5656],[-48.4085,-24.5594],[-48.4124,-24.5577],[-48.4174,-24.5581],[-48.4232,-24.5547],[-48.4267,-24.5546],[-48.4267,-24.5521],[-48.4298,-24.5493],[-48.4296,-24.5452],[-48.4342,-24.5432],[-48.4342,-24.5399],[-48.4307,-24.5389],[-48.4321,-24.5374],[-48.4294,-24.534],[-48.4297,-24.5315],[-48.4229,-24.5305],[-48.418,-24.5265],[-48.4132,-24.5272],[-48.4074,-24.5225],[-48.4032,-24.5231],[-48.4029,-24.5246],[-48.3967,-24.5232],[-48.3964,-24.5205],[-48.3917,-24.5162],[-48.3911,-24.5128],[-48.3875,-24.5107],[-48.3819,-24.5034],[-48.3883,-24.4938],[-48.3926,-24.4901],[-48.3905,-24.4875],[-48.394,-24.4854],[-48.3938,-24.4823],[-48.3853,-24.481],[-48.3767,-24.4732],[-48.3718,-24.473],[-48.3627,-24.4691],[-48.3597,-24.4647],[-48.3542,-24.4622],[-48.3517,-24.4597],[-48.3504,-24.4536],[-48.3522,-24.4475],[-48.3475,-24.4434],[-48.3472,-24.4408],[-48.35,-24.435],[-48.3579,-24.4344],[-48.358,-24.4266],[-48.3625,-24.421],[-48.372,-24.4229],[-48.3759,-24.4267],[-48.3773,-24.4308],[-48.3809,-24.4335],[-48.3834,-24.4318],[-48.387,-24.4341],[-48.3885,-24.4317],[-48.3944,-24.4324],[-48.395,-24.4289],[-48.3998,-24.4276],[-48.3872,-24.4103],[-48.3773,-24.405],[-48.3786,-24.4],[-48.3776,-24.3974],[-48.3687,-24.391],[-48.3705,-24.3798],[-48.3655,-24.3765],[-48.3647,-24.3733],[-48.36,-24.3683],[-48.3633,-24.355],[-48.3628,-24.3477],[-48.3545,-24.3455],[-48.3507,-24.3463],[-48.3531,-24.342],[-48.3509,-24.3376],[-48.3541,-24.3261],[-48.3594,-24.3239],[-48.3578,-24.3193],[-48.3625,-24.3147],[-48.3617,-24.3108],[-48.3573,-24.3062],[-48.3705,-24.3039],[-48.3771,-24.3054],[-48.3804,-24.3079],[-48.3831,-24.3042],[-48.3734,-24.2947],[-48.3698,-24.2933],[-48.3663,-24.2876],[-48.36,-24.2824],[-48.3536,-24.2852],[-48.3523,-24.288],[-48.3424,-24.2866],[-48.3403,-24.2886],[-48.3395,-24.2929],[-48.3339,-24.2926],[-48.3308,-24.2906],[-48.3256,-24.2919],[-48.3241,-24.295],[-48.3283,-24.2994],[-48.3301,-24.3079],[-48.3288,-24.3125],[-48.3227,-24.3145],[-48.3175,-24.3134],[-48.3055,-24.3045],[-48.2999,-24.3068],[-48.2987,-24.3027],[-48.2949,-24.3013],[-48.2956,-24.2973],[-48.2921,-24.2943],[-48.2878,-24.2946],[-48.2818,-24.2983],[-48.275,-24.2964],[-48.2748,-24.2937],[-48.2777,-24.2903],[-48.2819,-24.2888],[-48.2836,-24.284],[-48.2725,-24.2768],[-48.2633,-24.2734],[-48.2626,-24.2711],[-48.2574,-24.2669],[-48.2529,-24.2578],[-48.2483,-24.26],[-48.2425,-24.2599],[-48.2417,-24.2629],[-48.2393,-24.2637],[-48.229,-24.264],[-48.2264,-24.2626],[-48.2201,-24.2642],[-48.215,-24.2621],[-48.2049,-24.2633],[-48.1998,-24.2612],[-48.1972,-24.255],[-48.192,-24.2544],[-48.181,-24.2477],[-48.1706,-24.2447],[-48.1654,-24.2382],[-48.1546,-24.2323],[-48.1543,-24.2293],[-48.1482,-24.2293],[-48.1488,-24.2331],[-48.1449,-24.2317],[-48.1437,-24.2277],[-48.1468,-24.2261],[-48.1437,-24.2205],[-48.1463,-24.2138],[-48.145,-24.2118],[-48.1399,-24.211],[-48.1385,-24.2092],[-48.1435,-24.2007],[-48.1417,-24.1949],[-48.1402,-24.1942],[-48.1394,-24.1991],[-48.133,-24.2041],[-48.1239,-24.2062],[-48.1235,-24.2085],[-48.1154,-24.2115],[-48.1138,-24.2157],[-48.1149,-24.2168],[-48.1143,-24.2217],[-48.1232,-24.2347],[-48.1178,-24.2368],[-48.1149,-24.2405],[-48.1144,-24.2437],[-48.1191,-24.2549],[-48.115,-24.2558],[-48.1102,-24.2617],[-48.1116,-24.2701],[-48.1066,-24.2714],[-48.1089,-24.274],[-48.1039,-24.2807],[-48.1091,-24.2885],[-48.1074,-24.2946],[-48.1088,-24.2956],[-48.1074,-24.297],[-48.1098,-24.2976],[-48.1119,-24.3014],[-48.1131,-24.3074],[-48.1152,-24.3089],[-48.1159,-24.3115],[-48.1146,-24.3127],[-48.1162,-24.3143],[-48.1153,-24.3149],[-48.117,-24.3152],[-48.1171,-24.3189],[-48.1142,-24.3179],[-48.1146,-24.3191],[-48.1109,-24.3209],[-48.1105,-24.323],[-48.1048,-24.3202],[-48.0982,-24.3209],[-48.0983,-24.3192],[-48.0954,-24.3179],[-48.0923,-24.3201],[-48.0919,-24.3225],[-48.0897,-24.3223],[-48.0886,-24.3263],[-48.0858,-24.3253],[-48.086,-24.3275],[-48.083,-24.3254],[-48.0787,-24.3275],[-48.0793,-24.325],[-48.0767,-24.3248],[-48.0765,-24.322],[-48.0732,-24.3227],[-48.0727,-24.3242],[-48.0713,-24.323],[-48.0687,-24.3239],[-48.0671,-24.3261],[-48.065,-24.3253],[-48.063,-24.3277],[-48.064,-24.3294],[-48.0622,-24.3303],[-48.0639,-24.3327],[-48.0613,-24.3332],[-48.0618,-24.335],[-48.0594,-24.3365],[-48.0571,-24.3359],[-48.0542,-24.3385],[-48.0564,-24.3396],[-48.0527,-24.3404],[-48.0526,-24.3418],[-48.0508,-24.3403],[-48.0494,-24.3436],[-48.0484,-24.3419],[-48.0452,-24.3446],[-48.0462,-24.3457],[-48.0443,-24.347],[-48.0461,-24.3474],[-48.044,-24.349],[-48.0471,-24.3507],[-48.0427,-24.352],[-48.0446,-24.3537],[-48.0419,-24.3556],[-48.04,-24.3628],[-48.0379,-24.364],[-48.0359,-24.3627],[-48.0342,-24.3658],[-48.033,-24.3649],[-48.0319,-24.3672],[-48.0252,-24.3713],[-48.0186,-24.3709],[-48.0196,-24.3732],[-48.0182,-24.378],[-48.0141,-24.3782],[-48.0145,-24.3856],[-48.0066,-24.4546],[-48.009,-24.4637],[-48.0065,-24.4679],[-48.0014,-24.4713],[-48.0042,-24.4782],[-48.0091,-24.4808],[-48.0049,-24.4871],[-48.0043,-24.4912],[-48.0061,-24.4943],[-48.0059,-24.4977],[-48.0097,-24.502],[-48.0097,-24.5059],[-48.0212,-24.5161],[-48.0217,-24.519],[-48.017,-24.5217],[-48.0198,-24.5294],[-48.0328,-24.5331],[-48.0372,-24.5315],[-48.0485,-24.5343],[-48.0557,-24.5336],[-48.0561,-24.5358],[-48.0616,-24.5388],[-48.0598,-24.5423],[-48.0616,-24.5455],[-48.0637,-24.5444],[-48.0699,-24.5466],[-48.0794,-24.5578],[-48.0815,-24.5617],[-48.0806,-24.5653],[-48.0825,-24.5664],[-48.0818,-24.5754],[-48.0849,-24.5806],[-48.0999,-24.5835],[-48.1021,-24.5886],[-48.1178,-24.5869],[-48.1257,-24.5957],[-48.1355,-24.5988],[-48.127,-24.6071],[-48.1278,-24.6233],[-48.1265,-24.6251],[-48.1295,-24.6273],[-48.1283,-24.6282],[-48.1299,-24.6334],[-48.1252,-24.6411],[-48.129,-24.6493],[-48.1357,-24.6452],[-48.1502,-24.6457],[-48.1548,-24.6427],[-48.1552,-24.6408],[-48.1626,-24.6438],[-48.1643,-24.6426],[-48.1631,-24.6472],[-48.167,-24.6485],[-48.1702,-24.6528],[-48.1713,-24.6585],[-48.1904,-24.6602],[-48.1945,-24.6644],[-48.2086,-24.6642],[-48.2094,-24.6678],[-48.2124,-24.6689],[-48.2139,-24.6714],[-48.2272,-24.6765],[-48.2052,-24.6877],[-48.2071,-24.6878],[-48.2088,-24.6908],[-48.2146,-24.6922],[-48.2207,-24.6872],[-48.2273,-24.6875],[-48.2332,-24.6857],[-48.2397,-24.6886],[-48.2415,-24.6979],[-48.2435,-24.6983]]]]}},{"type":"Feature","properties":{"CD_MUN":"3522158","NM_MUN":"Itaoca"},"geometry":{"type":"MultiPolygon","coordinates":[[[[-48.8882,-24.6698],[-48.9099,-24.6707],[-48.9123,-24.6722],[-48.9123,-24.674],[-48.9161,-24.6717],[-48.9157,-24.6654],[-48.9131,-24.6611],[-48.916,-24.658],[-48.9149,-24.6513],[-48.912,-24.6463],[-48.9078,-24.6459],[-48.9062,-24.6441],[-48.9135,-24.6389],[-48.9119,-24.6333],[-48.9151,-24.6302],[-48.9212,-24.6297],[-48.9244,-24.6258],[-48.932,-24.6219],[-48.9472,-24.6241],[-48.9492,-24.6188],[-48.946,-24.6172],[-48.9454,-24.6137],[-48.9406,-24.6103],[-48.9383,-24.6043],[-48.9326,-24.6017],[-48.9296,-24.6031],[-48.9264,-24.6012],[-48.9274,-24.5982],[-48.9239,-24.5864],[-48.917,-24.582],[-48.9176,-24.5793],[-48.9202,-24.5782],[-48.912,-24.5704],[-48.9092,-24.5637],[-48.9034,-24.5665],[-48.9005,-24.5647],[-48.8998,-24.5587],[-48.9013,-24.5565],[-48.8974,-24.5524],[-48.8915,-24.5548],[-48.8859,-24.552],[-48.8817,-24.5532],[-48.8806,-24.5566],[-48.8873,-24.5791],[-48.8951,-24.5837],[-48.8868,-24.5861],[-48.8771,-24.5827],[-48.8704,-24.5821],[-48.8645,-24.5785],[-48.8518,-24.5792],[-48.8144,-24.564],[-48.8096,-24.5648],[-48.7992,-24.5601],[-48.7892,-24.5582],[-48.7812,-24.5649],[-48.7811,-24.5665],[-48.7831,-24.5662],[-48.7838,-24.5681],[-48.7862,-24.5687],[-48.7862,-24.5709],[-48.7895,-24.5721],[-48.7872,-24.5756],[-48.7818,-24.5789],[-48.7838,-24.5846],[-48.7801,-24.5869],[-48.7809,-24.5895],[-48.7798,-24.5907],[-48.7711,-24.5867],[-48.7641,-24.5864],[-48.7619,-24.5886],[-48.7595,-24.5872],[-48.753,-24.5888],[-48.7514,-24.595],[-48.7492,-24.5972],[-48.7497,-24.6042],[-48.7452,-24.6107],[-48.7391,-24.6123],[-48.7377,-24.6201],[-48.7346,-24.622],[-48.7387,-24.626],[-48.7327,-24.6302],[-48.7327,-24.6346],[-48.7308,-24.6372],[-48.7318,-24.64],[-48.7429,-24.6416],[-48.7505,-24.6454],[-48.76,-24.6458],[-48.7652,-24.6507],[-48.7676,-24.6569],[-48.7704,-24.6571],[-48.7777,-24.662],[-48.7795,-24.6651],[-48.7936,-24.6682],[-48.8047,-24.6674],[-48.8063,-24.6715],[-48.8108,-24.675],[-48.8155,-24.6652],[-48.8199,-24.6623],[-48.8208,-24.6573],[-48.8228,-24.6553],[-48.8273,-24.6545],[-48.8323,-24.6569],[-48.8404,-24.665],[-48.8444,-24.6642],[-48.8498,-24.6578],[-48.8533,-24.6562],[-48.8585,-24.6577],[-48.8592,-24.6591],[-48.8563,-24.6647],[-48.8472,-24.6711],[-48.8479,-24.6739],[-48.8539,-24.6751],[-48.8654,-24.6673],[-48.8695,-24.6697],[-48.8785,-24.6682],[-48.885,-24.6704],[-48.8882,-24.6698]]]]}},{"type":"Feature","properties":{"CD_MUN":"3505401","NM_MUN":"Barra do Turvo"},"geometry":{"type":"MultiPolygon","coordinates":[[[[-48.2421,-24.9914],[-48.2458,-24.9894],[-48.2485,-24.9853],[-48.2493,-24.9787],[-48.2503,-24.9774],[-48.2523,-24.9781],[-48.2538,-24.9818],[-48.2593,-24.9867],[-48.2548,-24.9965],[-48.2599,-24.9977],[-48.2633,-24.9928],[-48.2696,-24.9975],[-48.2682,-25.0012],[-48.2776,-25.016],[-48.2754,-25.0277],[-48.2779,-25.033],[-48.2846,-25.0392],[-48.2875,-25.04],[-48.2897,-25.0377],[-48.2891,-25.0322],[-48.2928,-25.0244],[-48.2972,-25.0234],[-48.2992,-25.0256],[-48.2965,-25.0297],[-48.2978,-25.0336],[-48.2992,-25.0354],[-48.3075,-25.0355],[-48.3072,-25.0441],[-48.3086,-25.0467],[-48.3102,-25.0481],[-48.3143,-25.047],[-48.3178,-25.0565],[-48.3304,-25.0697],[-48.3337,-25.0706],[-48.3357,-25.0675],[-48.3358,-25.0634],[-48.3337,-25.0576],[-48.3243,-25.0544],[-48.3264,-25.0507],[-48.3232,-25.0423],[-48.3241,-25.0367],[-48.3325,-25.0361],[-48.3371,-25.0397],[-48.3391,-25.036],[-48.3426,-25.0376],[-48.347,-25.0352],[-48.3512,-25.0365],[-48.3521,-25.0324],[-48.3503,-25.0287],[-48.3547,-25.02],[-48.358,-25.0167],[-48.3651,-25.0139],[-48.3734,-25.0047],[-48.3776,-25.0031],[-48.3786,-24.997],[-48.3847,-24.9953],[-48.3909,-24.9912],[-48.3947,-24.9911],[-48.3955,-24.9886],[-48.4112,-24.9802],[-48.417,-24.9894],[-48.4345,-24.9913],[-48.4448,-24.9963],[-48.4492,-25.0009],[-48.4628,-25.0057],[-48.4667,-25.0095],[-48.474,-25.0126],[-48.4809,-25.037],[-48.4855,-25.0421],[-48.486,-25.0454],[-48.4833,-25.0532],[-48.4914,-25.0534],[-48.4984,-25.0591],[-48.5076,-25.0697],[-48.5076,-25.0731],[-48.5125,-25.0838],[-48.514,-25.0857],[-48.5197,-25.0848],[-48.5213,-25.0859],[-48.5219,-25.092],[-48.5271,-25.0961],[-48.5286,-25.1008],[-48.5413,-25.0975],[-48.556,-25.0866],[-48.5599,-25.078],[-48.5579,-25.064],[-48.5589,-25.0615],[-48.5653,-25.0583],[-48.569,-25.0543],[-48.5691,-25.0511],[-48.5735,-25.0509],[-48.5796,-25.0531],[-48.5827,-25.0516],[-48.5807,-25.0468],[-48.5838,-25.0416],[-48.5815,-25.0349],[-48.5857,-25.0303],[-48.5896,-25.0297],[-48.588,-25.0277],[-48.5907,-25.0265],[-48.5883,-25.0239],[-48.5889,-25.0197],[-48.5992,-25.0193],[-48.5972,-25.0154],[-48.6008,-25.0105],[-48.6,-25.0061],[-48.5952,-24.9961],[-48.5915,-24.9967],[-48.5892,-24.9948],[-48.5904,-24.9889],[-48.5885,-24.9864],[-48.5801,-24.9869],[-48.5763,-24.9844],[-48.5747,-24.9801],[-48.5711,-24.9779],[-48.5674,-24.9723],[-48.5679,-24.96],[-48.5727,-24.9549],[-48.5705,-24.9516],[-48.563,-24.9503],[-48.5689,-24.9469],[-48.5697,-24.9435],[-48.5629,-24.9394],[-48.5668,-24.9354],[-48.5674,-24.9314],[-48.5702,-24.9315],[-48.5694,-24.9283],[-48.5716,-24.9247],[-48.5713,-24.92],[-48.5677,-24.9199],[-48.5652,-24.9177],[-48.5672,-24.9143],[-48.5671,-24.9039],[-48.5728,-24.9029],[-48.5721,-24.895],[-48.5673,-24.8939],[-48.5637,-24.8949],[-48.5609,-24.9007],[-48.5593,-24.9012],[-48.5561,-24.8928],[-48.5594,-24.8892],[-48.5583,-24.8846],[-48.5549,-24.8817],[-48.549,-24.8823],[-48.5448,-24.879],[-48.5454,-24.877],[-48.5471,-24.8798],[-48.5494,-24.8792],[-48.5468,-24.8738],[-48.5497,-24.8675],[-48.5667,-24.864],[-48.5645,-24.8562],[-48.5678,-24.8475],[-48.5639,-24.8369],[-48.5645,-24.8343],[-48.5613,-24.8265],[-48.5558,-24.8238],[-48.5592,-24.8211],[-48.5554,-24.8101],[-48.5558,-24.8062],[-48.5489,-24.7972],[-48.5365,-24.7895],[-48.5344,-24.7867],[-48.5167,-24.7802],[-48.5158,-24.7768],[-48.5178,-24.7744],[-48.5167,-24.7686],[-48.5121,-24.764],[-48.5073,-24.7648],[-48.5077,-24.7524],[-48.5019,-24.746],[-48.504,-24.7401],[-48.4993,-24.739],[-48.505,-24.7349],[-48.5115,-24.7406],[-48.5225,-24.7361],[-48.5294,-24.7393],[-48.5318,-24.7368],[-48.5292,-24.7316],[-48.5381,-24.7262],[-48.5308,-24.7167],[-48.5293,-24.7062],[-48.5316,-24.6978],[-48.5286,-24.692],[-48.5291,-24.6878],[-48.5255,-24.686],[-48.5248,-24.6829],[-48.5212,-24.682],[-48.5155,-24.6759],[-48.5105,-24.6731],[-48.5071,-24.6734],[-48.5075,-24.6693],[-48.5059,-24.668],[-48.4947,-24.6685],[-48.4889,-24.6767],[-48.4857,-24.6793],[-48.4832,-24.679],[-48.4816,-24.6777],[-48.4818,-24.671],[-48.4758,-24.6654],[-48.4646,-24.66],[-48.4612,-24.6621],[-48.4594,-24.6602],[-48.4538,-24.6603],[-48.4508,-24.6586],[-48.4516,-24.6558],[-48.4496,-24.6528],[-48.4463,-24.6533],[-48.4435,-24.6516],[-48.4347,-24.6549],[-48.4278,-24.6541],[-48.4273,-24.6572],[-48.4203,-24.6595],[-48.4128,-24.656],[-48.4099,-24.6574],[-48.4067,-24.6566],[-48.4037,-24.6619],[-48.4084,-24.6665],[-48.4039,-24.6667],[-48.4093,-24.6724],[-48.4166,-24.6754],[-48.4217,-24.6809],[-48.4208,-24.6842],[-48.4222,-24.6874],[-48.4171,-24.6917],[-48.4146,-24.6919],[-48.4151,-24.6992],[-48.412,-24.7038],[-48.4126,-24.7069],[-48.4192,-24.7109],[-48.4191,-24.7149],[-48.4153,-24.7182],[-48.4112,-24.7193],[-48.4081,-24.7175],[-48.406,-24.7181],[-48.4036,-24.7239],[-48.3992,-24.7266],[-48.3964,-24.7323],[-48.3909,-24.7338],[-48.3882,-24.7375],[-48.3896,-24.7444],[-48.3834,-24.7492],[-48.3849,-24.7523],[-48.3893,-24.7551],[-48.3923,-24.7545],[-48.3914,-24.7562],[-48.3824,-24.7578],[-48.3776,-24.763],[-48.3789,-24.7653],[-48.3776,-24.7681],[-48.3725,-24.7684],[-48.3703,-24.7701],[-48.3695,-24.7672],[-48.3638,-24.7719],[-48.3599,-24.7776],[-48.3583,-24.7886],[-48.3517,-24.7947],[-48.3494,-24.7922],[-48.3461,-24.7923],[-48.3457,-24.7981],[-48.3427,-24.801],[-48.3355,-24.8005],[-48.338,-24.7987],[-48.3352,-24.7954],[-48.3317,-24.7962],[-48.3285,-24.7931],[-48.3252,-24.7969],[-48.3194,-24.7973],[-48.3195,-24.8011],[-48.3142,-24.8045],[-48.3149,-24.8071],[-48.3097,-24.8067],[-48.3052,-24.8034],[-48.3008,-24.8043],[-48.2959,-24.8024],[-48.2963,-24.8012],[-48.2945,-24.805],[-48.2962,-24.812],[-48.2949,-24.8134],[-48.2994,-24.8162],[-48.3051,-24.8148],[-48.3096,-24.8249],[-48.3082,-24.828],[-48.3025,-24.8286],[-48.3022,-24.8335],[-48.3059,-24.8374],[-48.3031,-24.8382],[-48.2996,-24.8362],[-48.295,-24.8405],[-48.2922,-24.8378],[-48.2893,-24.839],[-48.2859,-24.8373],[-48.2834,-24.838],[-48.278,-24.8331],[-48.2698,-24.8312],[-48.2706,-24.8409],[-48.2828,-24.8434],[-48.2958,-24.8493],[-48.2989,-24.8547],[-48.3072,-24.8556],[-48.3093,-24.8599],[-48.3084,-24.8614],[-48.3149,-24.8623],[-48.3194,-24.8647],[-48.3156,-24.8751],[-48.3052,-24.8742],[-48.2973,-24.8802],[-48.2931,-24.8788],[-48.2828,-24.8791],[-48.2823,-24.8823],[-48.2801,-24.8832],[-48.2745,-24.8806],[-48.2685,-24.8827],[-48.2616,-24.8788],[-48.2579,-24.884],[-48.2527,-24.8877],[-48.2557,-24.8906],[-48.2626,-24.8921],[-48.2641,-24.8941],[-48.261,-24.8991],[-48.2601,-24.9087],[-48.2559,-24.9117],[-48.251,-24.9115],[-48.2476,-24.9068],[-48.2448,-24.9076],[-48.2399,-24.9015],[-48.2343,-24.9015],[-48.2264,-24.9075],[-48.2166,-24.9083],[-48.2142,-24.9057],[-48.2112,-24.9074],[-48.2086,-24.9136],[-48.2108,-24.9164],[-48.211,-24.9224],[-48.2194,-24.927],[-48.2255,-24.9344],[-48.2165,-24.9418],[-48.2175,-24.943],[-48.216,-24.9452],[-48.2164,-24.9484],[-48.2118,-24.9509],[-48.2105,-24.9569],[-48.2204,-24.963],[-48.2236,-24.9708],[-48.2287,-24.9728],[-48.2276,-24.975],[-48.231,-24.9788],[-48.2266,-24.9809],[-48.2267,-24.9835],[-48.2325,-24.9884],[-48.2397,-24.9914],[-48.2421,-24.9914]]]]}},{"type":"Feature","properties":{"CD_MUN":"3529906","NM_MUN":"Miracatu"},"geometry":{"type":"MultiPolygon","coordinates":[[[[-47.3487,-24.327],[-47.3438,-24.3328],[-47.336,-24.3314],[-47.3267,-24.3397],[-47.32,-24.3393],[-47.3188,-24.3413],[-47.3249,-24.3474],[-47.3368,-24.35],[-47.338,-24.3527],[-47.3371,-24.3563],[-47.3397,-24.3598],[-47.3406,-24.365],[-47.3434,-24.3653],[-47.3496,-24.37],[-47.3599,-24.3708],[-47.3591,-24.3749],[-47.3619,-24.3751],[-47.3611,-24.378],[-47.3657,-24.382],[-47.3667,-24.3848],[-47.3982,-24.3854],[-47.4003,-24.3825],[-47.4037,-24.3824],[-47.4052,-24.3793],[-47.4141,-24.3774],[-47.4148,-24.375],[-47.4179,-24.3762],[-47.4248,-24.3749],[-47.4305,-24.3787],[-47.43,-24.3814],[-47.4357,-24.3875],[-47.4403,-24.389],[-47.448,-24.3888],[-47.4511,-24.388],[-47.4517,-24.3839],[-47.4556,-24.3843],[-47.4651,-24.3808],[-47.4656,-24.3794],[-47.4623,-24.3762],[-47.4629,-24.3734],[-47.4688,-24.3716],[-47.4725,-24.3685],[-47.4799,-24.3694],[-47.484,-24.3682],[-47.4938,-24.3723],[-47.4974,-24.3756],[-47.5057,-24.3765],[-47.5079,-24.3742],[-47.5047,-24.367],[-47.5269,-24.364],[-47.5378,-24.3573],[-47.5438,-24.3595],[-47.5514,-24.37],[-47.5577,-24.3682],[-47.556,-24.3658],[-47.5571,-24.3609],[-47.562,-24.3568],[-47.5655,-24.3464],[-47.565,-24.3436],[-47.5589,-24.3385],[-47.5591,-24.3345],[-47.5626,-24.3324],[-47.5635,-24.3285],[-47.5731,-24.3245],[-47.575,-24.3207],[-47.5793,-24.3185],[-47.5793,-24.3165],[-47.5828,-24.3135],[-47.5863,-24.3149],[-47.5884,-24.3186],[-47.591,-24.3159],[-47.5897,-24.3124],[-47.5867,-24.3132],[-47.588,-24.3071],[-47.5844,-24.3061],[-47.5815,-24.309],[-47.5719,-24.3092],[-47.5707,-24.2995],[-47.5662,-24.3],[-47.563,-24.2983],[-47.5674,-24.2934],[-47.5666,-24.2902],[-47.5681,-24.2835],[-47.5753,-24.268],[-47.5704,-24.2594],[-47.5575,-24.2558],[-47.5536,-24.2499],[-47.5513,-24.2494],[-47.5565,-24.2428],[-47.5514,-24.2418],[-47.551,-24.2375],[-47.5541,-24.2325],[-47.553,-24.2291],[-47.5488,-24.2275],[-47.5489,-24.2252],[-47.5532,-24.2233],[-47.554,-24.2204],[-47.5576,-24.2183],[-47.5568,-24.2165],[-47.5598,-24.2154],[-47.5625,-24.2114],[-47.5642,-24.2076],[-47.5619,-24.202],[-47.5626,-24.199],[-47.5667,-24.1908],[-47.5705,-24.1878],[-47.557,-24.1828],[-47.5554,-24.1795],[-47.5464,-24.1771],[-47.5375,-24.1698],[-47.5316,-24.1684],[-47.5289,-24.163],[-47.5258,-24.1626],[-47.5257,-24.1586],[-47.5238,-24.156],[-47.5163,-24.1542],[-47.5201,-24.1501],[-47.5196,-24.1473],[-47.5004,-24.1329],[-47.4949,-24.1304],[-47.4875,-24.1299],[-47.4843,-24.1316],[-47.4826,-24.1306],[-47.4832,-24.1213],[-47.4859,-24.1139],[-47.486,-24.1049],[-47.4879,-24.0989],[-47.4899,-24.0973],[-47.488,-24.0945],[-47.4885,-24.0923],[-47.4782,-24.0854],[-47.4765,-24.0802],[-47.4649,-24.0759],[-47.4622,-24.0689],[-47.4639,-24.0657],[-47.4627,-24.0595],[-47.4598,-24.0574],[-47.4565,-24.0575],[-47.4512,-24.0508],[-47.449,-24.05],[-47.4479,-24.0526],[-47.4379,-24.0561],[-47.4288,-24.0641],[-47.4267,-24.0678],[-47.4254,-24.0684],[-47.4229,-24.0662],[-47.4206,-24.0677],[-47.4166,-24.0653],[-47.416,-24.0611],[-47.3894,-24.0547],[-47.3858,-24.0493],[-47.3769,-24.0481],[-47.373,-24.045],[-47.3718,-24.0412],[-47.37,-24.0431],[-47.3684,-24.0425],[-47.3682,-24.0379],[-47.3629,-24.0314],[-47.3558,-24.0288],[-47.3563,-24.0225],[-47.343,-24.014],[-47.3344,-24.0127],[-47.3351,-24.0152],[-47.333,-24.0181],[-47.3304,-24.0175],[-47.3304,-24.0152],[-47.3286,-24.0146],[-47.3251,-24.0175],[-47.3184,-24.0161],[-47.3164,-24.0171],[-47.3146,-24.0124],[-47.3097,-24.0089],[-47.3018,-24.0116],[-47.2944,-24.0108],[-47.2881,-24.0069],[-47.2847,-24.0066],[-47.2862,-24.014],[-47.2824,-24.015],[-47.2777,-24.0112],[-47.2758,-24.0131],[-47.277,-24.0149],[-47.272,-24.0176],[-47.2696,-24.0152],[-47.2656,-24.0158],[-47.2603,-24.0136],[-47.2609,-24.0108],[-47.2641,-24.0097],[-47.2633,-24.0058],[-47.2557,-24.0059],[-47.2529,-24.0083],[-47.2577,-24.0204],[-47.2535,-24.0241],[-47.2503,-24.0206],[-47.247,-24.0226],[-47.244,-24.0218],[-47.2382,-24.016],[-47.2335,-24.0174],[-47.2303,-24.0122],[-47.2259,-24.0146],[-47.2197,-24.0134],[-47.2184,-24.0123],[-47.2203,-24.0103],[-47.2144,-24.0067],[-47.2108,-24.0011],[-47.2064,-24.0033],[-47.2,-24.0006],[-47.1968,-24.0013],[-47.1935,-23.998],[-47.1902,-23.9991],[-47.1875,-24.0026],[-47.1825,-24.0008],[-47.1781,-24.0034],[-47.1717,-24.0036],[-47.1692,-24.0021],[-47.162,-24.0031],[-47.1575,-24.0064],[-47.1528,-24.0065],[-47.1504,-24.0107],[-47.1424,-24.0114],[-47.1394,-24.0142],[-47.1271,-24.0087],[-47.1344,-24.0167],[-47.1374,-24.0173],[-47.1435,-24.0151],[-47.1454,-24.0158],[-47.1454,-24.0177],[-47.1516,-24.0199],[-47.1525,-24.0169],[-47.1551,-24.0164],[-47.158,-24.0211],[-47.1628,-24.0237],[-47.1644,-24.0348],[-47.1594,-24.0412],[-47.1592,-24.045],[-47.1616,-24.0465],[-47.1602,-24.0524],[-47.1745,-24.0591],[-47.1774,-24.0589],[-47.1787,-24.0609],[-47.182,-24.0598],[-47.1877,-24.0649],[-47.19,-24.0638],[-47.1937,-24.0672],[-47.1953,-24.0667],[-47.1969,-24.0689],[-47.1954,-24.072],[-47.1994,-24.0733],[-47.2002,-24.0753],[-47.2051,-24.0767],[-47.2058,-24.0755],[-47.2101,-24.0776],[-47.2092,-24.0789],[-47.2158,-24.0791],[-47.2186,-24.0814],[-47.2204,-24.0796],[-47.2263,-24.0832],[-47.2281,-24.082],[-47.2312,-24.0856],[-47.2341,-24.0847],[-47.2318,-24.0876],[-47.2368,-24.0932],[-47.2366,-24.0966],[-47.2415,-24.0992],[-47.2429,-24.0981],[-47.248,-24.1016],[-47.2535,-24.1006],[-47.256,-24.1034],[-47.2566,-24.1075],[-47.2609,-24.1075],[-47.2622,-24.112],[-47.2682,-24.1157],[-47.2645,-24.1208],[-47.2654,-24.1233],[-47.268,-24.1225],[-47.2706,-24.1245],[-47.2709,-24.1353],[-47.2735,-24.1402],[-47.2718,-24.142],[-47.2723,-24.1439],[-47.2698,-24.1438],[-47.2685,-24.1471],[-47.2736,-24.1478],[-47.2741,-24.1493],[-47.2753,-24.1472],[-47.2803,-24.1471],[-47.2816,-24.1542],[-47.2883,-24.1621],[-47.2858,-24.1661],[-47.2884,-24.1716],[-47.2868,-24.1751],[-47.2801,-24.1805],[-47.2739,-24.1808],[-47.2727,-24.1848],[-47.2755,-24.187],[-47.2773,-24.194],[-47.2815,-24.1969],[-47.2853,-24.1961],[-47.2902,-24.1976],[-47.2893,-24.2083],[-47.2934,-24.2141],[-47.2926,-24.2191],[-47.2945,-24.2195],[-47.2955,-24.2223],[-47.2918,-24.2306],[-47.2874,-24.2345],[-47.2871,-24.2421],[-47.2849,-24.2436],[-47.2857,-24.2472],[-47.2838,-24.25],[-47.2863,-24.2514],[-47.2892,-24.258],[-47.2835,-24.2651],[-47.2878,-24.2714],[-47.2867,-24.2775],[-47.2935,-24.2801],[-47.3034,-24.2789],[-47.3099,-24.2801],[-47.3147,-24.2787],[-47.3223,-24.2873],[-47.3316,-24.2872],[-47.3333,-24.2924],[-47.3379,-24.2938],[-47.3305,-24.3],[-47.3301,-24.306],[-47.3315,-24.3091],[-47.3262,-24.3103],[-47.3266,-24.312],[-47.3342,-24.3159],[-47.3407,-24.3139],[-47.3405,-24.3163],[-47.3479,-24.3183],[-47.3506,-24.3222],[-47.3492,-24.3267],[-47.3487,-24.327]]]]}},{"type":"Feature","properties":{"CD_MUN":"3505351","NM_MUN":"Barra do Chapéu"},"geometry":{"type":"MultiPolygon","coordinates":[[[[-48.9498,-24.4532],[-48.9482,-24.4554],[-48.951,-24.4572],[-48.9481,-24.465],[-48.9454,-24.4641],[-48.9445,-24.4652],[-48.9471,-24.4747],[-48.9419,-24.4856],[-48.9501,-24.4897],[-48.9508,-24.4923],[-48.9544,-24.4951],[-48.9578,-24.4947],[-48.9652,-24.5005],[-48.9719,-24.5021],[-48.9721,-24.5054],[-48.9839,-24.5131],[-48.9841,-24.5173],[-48.9805,-24.521],[-48.9834,-24.525],[-48.9911,-24.525],[-48.9915,-24.5284],[-48.9927,-24.5286],[-48.9952,-24.5261],[-48.9962,-24.5219],[-49.0006,-24.52],[-49.0033,-24.5244],[-49.0121,-24.5268],[-49.0096,-24.5357],[-49.0144,-24.5379],[-49.0244,-24.5473],[-49.033,-24.5474],[-49.0351,-24.5496],[-49.0413,-24.5504],[-49.0487,-24.5498],[-49.0487,-24.5534],[-49.0505,-24.554],[-49.0562,-24.554],[-49.062,-24.5519],[-49.0677,-24.5534],[-49.0694,-24.5498],[-49.0721,-24.5502],[-49.0739,-24.5469],[-49.0842,-24.5423],[-49.0867,-24.5372],[-49.0888,-24.5376],[-49.0898,-24.5398],[-49.1329,-24.5365],[-49.134,-24.5377],[-49.1399,-24.5346],[-49.1474,-24.5352],[-49.1467,-24.5316],[-49.1485,-24.5309],[-49.1462,-24.5289],[-49.1491,-24.5261],[-49.1466,-24.5254],[-49.1475,-24.5217],[-49.1445,-24.5174],[-49.1394,-24.5167],[-49.1305,-24.5184],[-49.1253,-24.5149],[-49.1265,-24.5082],[-49.1233,-24.4957],[-49.1256,-24.4905],[-49.1306,-24.488],[-49.1319,-24.4842],[-49.1353,-24.4819],[-49.1377,-24.4837],[-49.1424,-24.4838],[-49.1441,-24.4824],[-49.1471,-24.4839],[-49.1485,-24.4868],[-49.1503,-24.485],[-49.1517,-24.4777],[-49.1614,-24.4731],[-49.164,-24.4628],[-49.1717,-24.457],[-49.1718,-24.4518],[-49.1688,-24.448],[-49.1739,-24.4508],[-49.1808,-24.4514],[-49.1852,-24.4535],[-49.1871,-24.4486],[-49.1936,-24.4461],[-49.1959,-24.4407],[-49.1928,-24.4365],[-49.1972,-24.4335],[-49.1903,-24.4299],[-49.1859,-24.422],[-49.1911,-24.4167],[-49.1965,-24.4173],[-49.2047,-24.4101],[-49.2123,-24.4182],[-49.2164,-24.4188],[-49.2177,-24.4223],[-49.2238,-24.4246],[-49.2263,-24.4312],[-49.2505,-24.4454],[-49.2525,-24.4415],[-49.2527,-24.4342],[-49.2407,-24.422],[-49.2355,-24.4096],[-49.2379,-24.4045],[-49.241,-24.4021],[-49.2437,-24.4022],[-49.2474,-24.4063],[-49.2502,-24.4139],[-49.254,-24.4077],[-49.2535,-24.405],[-49.2502,-24.4041],[-49.2476,-24.4002],[-49.2422,-24.3964],[-49.2385,-24.3984],[-49.2362,-24.3956],[-49.2312,-24.395],[-49.2302,-24.3981],[-49.204,-24.3811],[-49.1958,-24.38],[-49.1872,-24.3764],[-49.165,-24.3555],[-49.1617,-24.356],[-49.1596,-24.3532],[-49.1525,-24.3514],[-49.1502,-24.3434],[-49.1527,-24.3407],[-49.1425,-24.3394],[-49.1367,-24.334],[-49.1311,-24.3403],[-49.1199,-24.3301],[-49.1085,-24.3362],[-49.103,-24.3355],[-49.0976,-24.3445],[-49.0904,-24.3446],[-49.087,-24.3518],[-49.0793,-24.3568],[-49.0799,-24.3598],[-49.0728,-24.3606],[-49.0712,-24.3659],[-49.0683,-24.3646],[-49.0645,-24.3656],[-49.0633,-24.3692],[-49.059,-24.3704],[-49.0581,-24.3752],[-49.0497,-24.3794],[-49.0437,-24.3767],[-49.0406,-24.3774],[-49.0366,-24.3813],[-49.0339,-24.3767],[-49.0232,-24.3759],[-49.0196,-24.3674],[-49.0127,-24.3641],[-49.012,-24.3568],[-49.0087,-24.3604],[-49.0038,-24.3619],[-48.9994,-24.3708],[-49.0043,-24.3759],[-49.0041,-24.3829],[-49.0009,-24.3854],[-49.0028,-24.3902],[-48.9989,-24.3995],[-49.0011,-24.4059],[-49.0052,-24.4066],[-49.0049,-24.4083],[-49.0075,-24.4103],[-49.0084,-24.4155],[-49.0123,-24.4171],[-49.0121,-24.4205],[-49.0151,-24.4271],[-49.0102,-24.4307],[-49.0108,-24.4366],[-49.0074,-24.4403],[-49.0032,-24.4408],[-48.9965,-24.4364],[-48.9929,-24.4363],[-48.9885,-24.4336],[-48.985,-24.4348],[-48.981,-24.4298],[-48.977,-24.4284],[-48.971,-24.4328],[-48.9678,-24.4499],[-48.9641,-24.4503],[-48.9606,-24.4547],[-48.9515,-24.4531],[-48.9498,-24.4532]]]]}},{"type":"Feature","properties":{"CD_MUN":"3521200","NM_MUN":"Iporanga"},"geometry":{"type":"MultiPolygon","coordinates":[[[[-48.5524,-24.7152],[-48.5521,-24.7096],[-48.5601,-24.7107],[-48.5617,-24.7071],[-48.5647,-24.7062],[-48.5692,-24.7008],[-48.5675,-24.6981],[-48.5683,-24.6956],[-48.579,-24.6856],[-48.5808,-24.6716],[-48.5847,-24.6718],[-48.5865,-24.6786],[-48.5893,-24.6805],[-48.5934,-24.6743],[-48.604,-24.6683],[-48.6115,-24.6709],[-48.6166,-24.6687],[-48.6184,-24.6722],[-48.6282,-24.6805],[-48.6308,-24.6798],[-48.6323,-24.677],[-48.6378,-24.6777],[-48.6453,-24.6815],[-48.6411,-24.6865],[-48.6416,-24.6897],[-48.6582,-24.692],[-48.6578,-24.6943],[-48.6608,-24.6991],[-48.6612,-24.7041],[-48.6593,-24.706],[-48.6605,-24.7068],[-48.675,-24.7018],[-48.6772,-24.6984],[-48.6715,-24.6987],[-48.6771,-24.6925],[-48.6721,-24.6873],[-48.675,-24.6841],[-48.6715,-24.6793],[-48.6769,-24.6754],[-48.677,-24.6716],[-48.6847,-24.6709],[-48.6897,-24.6679],[-48.6941,-24.6707],[-48.6935,-24.6734],[-48.6883,-24.6775],[-48.6908,-24.684],[-48.6887,-24.6907],[-48.6899,-24.6939],[-48.6926,-24.6934],[-48.6994,-24.6853],[-48.7011,-24.6804],[-48.7038,-24.6804],[-48.7074,-24.6836],[-48.7186,-24.683],[-48.7301,-24.687],[-48.7345,-24.6845],[-48.74,-24.6869],[-48.7447,-24.6932],[-48.7524,-24.6952],[-48.7557,-24.6928],[-48.7532,-24.6877],[-48.7531,-24.6824],[-48.7573,-24.6799],[-48.7589,-24.6803],[-48.7691,-24.6953],[-48.7787,-24.6967],[-48.7822,-24.6881],[-48.7882,-24.6812],[-48.7989,-24.6754],[-48.8038,-24.6766],[-48.8108,-24.675],[-48.8063,-24.6715],[-48.8051,-24.6678],[-48.8003,-24.6668],[-48.7936,-24.6682],[-48.7819,-24.6662],[-48.7704,-24.6571],[-48.7676,-24.6569],[-48.7652,-24.6507],[-48.76,-24.6458],[-48.7505,-24.6454],[-48.7429,-24.6416],[-48.7329,-24.6407],[-48.7308,-24.6372],[-48.7327,-24.6346],[-48.7327,-24.6302],[-48.7387,-24.626],[-48.7346,-24.6224],[-48.7377,-24.6201],[-48.7387,-24.6128],[-48.7452,-24.6107],[-48.7497,-24.6042],[-48.7492,-24.5972],[-48.7514,-24.595],[-48.7535,-24.5883],[-48.7595,-24.5872],[-48.7613,-24.5887],[-48.7641,-24.5864],[-48.7711,-24.5867],[-48.7796,-24.5907],[-48.7808,-24.5897],[-48.7801,-24.5869],[-48.7838,-24.5846],[-48.7818,-24.5789],[-48.7872,-24.5756],[-48.7895,-24.5721],[-48.7862,-24.5709],[-48.7862,-24.5687],[-48.7838,-24.5681],[-48.7834,-24.5664],[-48.7809,-24.566],[-48.7892,-24.5582],[-48.7796,-24.5563],[-48.7776,-24.5524],[-48.7701,-24.5507],[-48.7651,-24.5469],[-48.7607,-24.5466],[-48.7533,-24.5404],[-48.7279,-24.5276],[-48.7274,-24.522],[-48.7249,-24.5184],[-48.7204,-24.5172],[-48.7154,-24.5114],[-48.7054,-24.5096],[-48.7037,-24.5086],[-48.7041,-24.5053],[-48.6986,-24.5066],[-48.6879,-24.5008],[-48.6885,-24.4955],[-48.6729,-24.488],[-48.6724,-24.4849],[-48.667,-24.4798],[-48.6683,-24.4769],[-48.6746,-24.4784],[-48.6735,-24.4734],[-48.6564,-24.4607],[-48.655,-24.4564],[-48.6503,-24.4556],[-48.6504,-24.4572],[-48.6452,-24.4596],[-48.6356,-24.4571],[-48.6316,-24.4578],[-48.6287,-24.45],[-48.632,-24.4466],[-48.6302,-24.4429],[-48.6303,-24.4372],[-48.6213,-24.4403],[-48.6181,-24.443],[-48.6164,-24.4463],[-48.6175,-24.4506],[-48.6146,-24.4579],[-48.6132,-24.4531],[-48.6013,-24.4446],[-48.594,-24.4427],[-48.5867,-24.4348],[-48.5809,-24.438],[-48.5779,-24.4375],[-48.5781,-24.4358],[-48.5735,-24.4338],[-48.5634,-24.4364],[-48.5605,-24.439],[-48.5549,-24.4385],[-48.5496,-24.4405],[-48.5404,-24.4346],[-48.5359,-24.4344],[-48.5335,-24.4308],[-48.53,-24.4299],[-48.525,-24.4251],[-48.5244,-24.4217],[-48.5163,-24.4196],[-48.5209,-24.417],[-48.519,-24.4151],[-48.5228,-24.4113],[-48.5207,-24.4069],[-48.5177,-24.4075],[-48.5192,-24.4056],[-48.5169,-24.4021],[-48.5111,-24.4028],[-48.5101,-24.4016],[-48.5111,-24.4004],[-48.5073,-24.3967],[-48.5087,-24.3954],[-48.5079,-24.3943],[-48.5043,-24.3961],[-48.5049,-24.3908],[-48.5027,-24.3871],[-48.4976,-24.3896],[-48.4933,-24.3875],[-48.4949,-24.3852],[-48.4931,-24.3844],[-48.4933,-24.3815],[-48.4899,-24.3771],[-48.4921,-24.3775],[-48.4924,-24.373],[-48.4907,-24.37],[-48.493,-24.3695],[-48.497,-24.3623],[-48.5027,-24.3597],[-48.5053,-24.3556],[-48.5014,-24.35],[-48.5018,-24.348],[-48.5142,-24.3381],[-48.523,-24.3404],[-48.5361,-24.3474],[-48.5387,-24.3459],[-48.54,-24.3435],[-48.539,-24.3405],[-48.5441,-24.3342],[-48.5613,-24.3408],[-48.5642,-24.34],[-48.5676,-24.3364],[-48.5773,-24.3378],[-48.5778,-24.3328],[-48.5896,-24.3422],[-48.5937,-24.3426],[-48.5987,-24.3396],[-48.6021,-24.3403],[-48.608,-24.3387],[-48.6052,-24.3322],[-48.6017,-24.3338],[-48.6004,-24.3295],[-48.5919,-24.3209],[-48.5907,-24.3151],[-48.5783,-24.3041],[-48.5674,-24.2981],[-48.5621,-24.2928],[-48.5612,-24.2879],[-48.5565,-24.287],[-48.5521,-24.2898],[-48.5528,-24.2944],[-48.5479,-24.3028],[-48.5488,-24.306],[-48.5404,-24.3126],[-48.5389,-24.3178],[-48.5341,-24.3208],[-48.5313,-24.3199],[-48.5299,-24.3171],[-48.5235,-24.3199],[-48.5231,-24.3114],[-48.5216,-24.3089],[-48.5191,-24.308],[-48.5157,-24.3098],[-48.5143,-24.3059],[-48.5112,-24.3062],[-48.5091,-24.3032],[-48.5055,-24.3042],[-48.5038,-24.3031],[-48.5049,-24.3001],[-48.5007,-24.2939],[-48.5035,-24.2881],[-48.4961,-24.2801],[-48.488,-24.2842],[-48.4848,-24.2841],[-48.476,-24.2896],[-48.4722,-24.2852],[-48.4707,-24.2886],[-48.4651,-24.2861],[-48.4582,-24.2948],[-48.4551,-24.295],[-48.4526,-24.2843],[-48.4555,-24.2816],[-48.4593,-24.2809],[-48.4647,-24.2734],[-48.4587,-24.2526],[-48.4537,-24.2553],[-48.4516,-24.2635],[-48.4476,-24.2627],[-48.4448,-24.265],[-48.4423,-24.2628],[-48.4386,-24.2626],[-48.4311,-24.2637],[-48.4295,-24.2667],[-48.4259,-24.2658],[-48.4171,-24.268],[-48.4107,-24.2676],[-48.4099,-24.2703],[-48.4056,-24.2738],[-48.4084,-24.2778],[-48.4064,-24.2838],[-48.3997,-24.2853],[-48.3991,-24.2899],[-48.3939,-24.2922],[-48.3941,-24.2972],[-48.3886,-24.3064],[-48.3827,-24.3042],[-48.38,-24.3079],[-48.3771,-24.3054],[-48.3683,-24.3038],[-48.3573,-24.3062],[-48.3617,-24.3108],[-48.3625,-24.3147],[-48.3578,-24.3193],[-48.3594,-24.3239],[-48.3541,-24.3261],[-48.3509,-24.3376],[-48.3531,-24.342],[-48.3507,-24.3463],[-48.3545,-24.3455],[-48.3628,-24.3477],[-48.3633,-24.355],[-48.36,-24.3683],[-48.3647,-24.3733],[-48.3655,-24.3765],[-48.3705,-24.3798],[-48.3687,-24.391],[-48.3784,-24.3987],[-48.3773,-24.405],[-48.3872,-24.4103],[-48.3999,-24.4269],[-48.3984,-24.4287],[-48.395,-24.4289],[-48.3944,-24.4324],[-48.3885,-24.4317],[-48.387,-24.4341],[-48.3834,-24.4318],[-48.3809,-24.4335],[-48.3714,-24.4225],[-48.3621,-24.4212],[-48.358,-24.4266],[-48.3579,-24.4344],[-48.35,-24.435],[-48.3472,-24.4408],[-48.3486,-24.4451],[-48.3522,-24.4475],[-48.3503,-24.4528],[-48.3515,-24.4592],[-48.3597,-24.4647],[-48.3627,-24.4691],[-48.3718,-24.473],[-48.3767,-24.4732],[-48.3853,-24.481],[-48.3938,-24.4823],[-48.394,-24.4854],[-48.3905,-24.4875],[-48.3926,-24.4901],[-48.3883,-24.4938],[-48.3819,-24.5034],[-48.3875,-24.5107],[-48.3911,-24.5128],[-48.3917,-24.5162],[-48.3964,-24.5205],[-48.3967,-24.5232],[-48.4029,-24.5246],[-48.4032,-24.5231],[-48.4074,-24.5225],[-48.4132,-24.5272],[-48.418,-24.5265],[-48.4229,-24.5305],[-48.4297,-24.5315],[-48.4294,-24.534],[-48.4321,-24.5374],[-48.4307,-24.5389],[-48.4343,-24.5401],[-48.4339,-24.5437],[-48.4296,-24.5452],[-48.4298,-24.5493],[-48.4267,-24.5521],[-48.4267,-24.5546],[-48.4232,-24.5547],[-48.4174,-24.5581],[-48.4124,-24.5577],[-48.4085,-24.5594],[-48.4026,-24.5656],[-48.3986,-24.5642],[-48.394,-24.565],[-48.3908,-24.5708],[-48.3932,-24.5728],[-48.3986,-24.5703],[-48.4023,-24.5713],[-48.4042,-24.5738],[-48.4041,-24.578],[-48.413,-24.5869],[-48.4155,-24.5854],[-48.4199,-24.5871],[-48.4218,-24.5826],[-48.4251,-24.5837],[-48.4256,-24.5863],[-48.4307,-24.5844],[-48.4308,-24.5881],[-48.4337,-24.5899],[-48.4326,-24.591],[-48.4403,-24.593],[-48.4424,-24.5966],[-48.4442,-24.5964],[-48.4475,-24.5993],[-48.4457,-24.6037],[-48.4477,-24.604],[-48.4463,-24.6058],[-48.4482,-24.6101],[-48.4499,-24.6104],[-48.4513,-24.6149],[-48.454,-24.6166],[-48.4517,-24.6248],[-48.46,-24.6408],[-48.4603,-24.6427],[-48.4571,-24.6461],[-48.4593,-24.656],[-48.4621,-24.6608],[-48.4645,-24.6598],[-48.4694,-24.6634],[-48.4758,-24.6654],[-48.4813,-24.6702],[-48.4816,-24.6777],[-48.4847,-24.6794],[-48.4897,-24.6759],[-48.4947,-24.6685],[-48.507,-24.6684],[-48.5071,-24.6734],[-48.5105,-24.6731],[-48.5155,-24.6759],[-48.5212,-24.682],[-48.5248,-24.6829],[-48.5255,-24.686],[-48.5291,-24.6878],[-48.5286,-24.692],[-48.5316,-24.6978],[-48.5293,-24.7066],[-48.5308,-24.7167],[-48.5339,-24.7219],[-48.5381,-24.7262],[-48.5426,-24.726],[-48.5458,-24.7219],[-48.5446,-24.718],[-48.5518,-24.7166],[-48.5524,-24.7152]]]]}},{"type":"Feature","properties":{"CD_MUN":"3537206","NM_MUN":"Pedro de Toledo"},"geometry":{"type":"MultiPolygon","coordinates":[[[[-47.2467,-24.3616],[-47.261,-24.3589],[-47.2645,-24.3595],[-47.2715,-24.3563],[-47.2767,-24.356],[-47.2833,-24.3595],[-47.2891,-24.3579],[-47.2936,-24.36],[-47.3003,-24.3599],[-47.3051,-24.356],[-47.3089,-24.3574],[-47.3084,-24.3552],[-47.3127,-24.3517],[-47.3068,-24.3509],[-47.3107,-24.3488],[-47.3122,-24.3454],[-47.3044,-24.3436],[-47.3043,-24.3418],[-47.3157,-24.3364],[-47.3208,-24.3379],[-47.3195,-24.3395],[-47.3263,-24.3399],[-47.336,-24.3314],[-47.3438,-24.3328],[-47.3454,-24.3294],[-47.3492,-24.3267],[-47.3506,-24.3225],[-47.3479,-24.3183],[-47.3405,-24.3163],[-47.3407,-24.3139],[-47.3342,-24.3159],[-47.3267,-24.3122],[-47.3262,-24.3103],[-47.3315,-24.3091],[-47.3301,-24.306],[-47.3305,-24.3],[-47.3379,-24.2938],[-47.3333,-24.2924],[-47.3316,-24.2872],[-47.3223,-24.2873],[-47.3147,-24.2787],[-47.3099,-24.2801],[-47.306,-24.2789],[-47.2935,-24.2801],[-47.2867,-24.2775],[-47.2878,-24.2714],[-47.2835,-24.2651],[-47.2892,-24.258],[-47.2863,-24.2514],[-47.2838,-24.25],[-47.2857,-24.2472],[-47.2849,-24.2436],[-47.2871,-24.2421],[-47.2874,-24.2345],[-47.2918,-24.2306],[-47.2955,-24.2223],[-47.2945,-24.2195],[-47.2926,-24.2191],[-47.2934,-24.2141],[-47.2893,-24.2083],[-47.2902,-24.1976],[-47.2853,-24.1961],[-47.2815,-24.1969],[-47.2773,-24.194],[-47.2755,-24.187],[-47.2727,-24.1848],[-47.2739,-24.1808],[-47.2801,-24.1805],[-47.2868,-24.1751],[-47.2884,-24.1716],[-47.2858,-24.1661],[-47.2883,-24.1621],[-47.2816,-24.1542],[-47.2803,-24.1471],[-47.2753,-24.1472],[-47.2743,-24.1493],[-47.2736,-24.1478],[-47.2685,-24.1471],[-47.2698,-24.1438],[-47.2723,-24.1439],[-47.2718,-24.142],[-47.2735,-24.1402],[-47.2709,-24.1353],[-47.2706,-24.1245],[-47.268,-24.1225],[-47.2654,-24.1233],[-47.2645,-24.1208],[-47.2682,-24.1157],[-47.2622,-24.112],[-47.2609,-24.1075],[-47.2566,-24.1075],[-47.256,-24.1034],[-47.2535,-24.1006],[-47.248,-24.1016],[-47.2429,-24.0981],[-47.2415,-24.0992],[-47.2366,-24.0966],[-47.2368,-24.0932],[-47.2318,-24.0876],[-47.2341,-24.0847],[-47.2312,-24.0856],[-47.2281,-24.082],[-47.2263,-24.0832],[-47.2204,-24.0796],[-47.2186,-24.0814],[-47.2158,-24.0791],[-47.2092,-24.0789],[-47.2101,-24.0776],[-47.2058,-24.0755],[-47.2051,-24.0767],[-47.2002,-24.0753],[-47.1994,-24.0733],[-47.1954,-24.072],[-47.1969,-24.0689],[-47.1953,-24.0667],[-47.1937,-24.0672],[-47.19,-24.0638],[-47.1877,-24.0649],[-47.182,-24.0598],[-47.1787,-24.0609],[-47.1774,-24.0589],[-47.1745,-24.0591],[-47.1602,-24.0524],[-47.1616,-24.0465],[-47.1592,-24.045],[-47.1594,-24.0412],[-47.1644,-24.0348],[-47.1628,-24.0237],[-47.158,-24.0211],[-47.1551,-24.0164],[-47.1525,-24.0169],[-47.1516,-24.0199],[-47.1454,-24.0177],[-47.1454,-24.0158],[-47.1435,-24.0151],[-47.1374,-24.0173],[-47.1344,-24.0167],[-47.1271,-24.0087],[-47.1224,-24.0079],[-47.1225,-24.0007],[-47.1246,-23.9976],[-47.1218,-23.9965],[-47.1184,-23.9979],[-47.1071,-23.9938],[-47.104,-23.997],[-47.0984,-23.9983],[-47.0998,-24.0002],[-47.0993,-24.0058],[-47.0958,-24.0065],[-47.0945,-24.0099],[-47.0926,-24.0098],[-47.0919,-24.0175],[-47.0884,-24.0174],[-47.0743,-24.0239],[-47.0676,-24.0252],[-47.0644,-24.0227],[-47.0648,-24.0183],[-47.0617,-24.0167],[-47.0575,-24.0102],[-47.0539,-24.0108],[-47.0463,-24.0182],[-47.0462,-24.0256],[-47.0407,-24.0243],[-47.0396,-24.028],[-47.0343,-24.0308],[-47.0299,-24.0422],[-47.0267,-24.043],[-47.0272,-24.0516],[-47.0212,-24.0555],[-47.0197,-24.0583],[-47.0165,-24.0569],[-47.0067,-24.0641],[-47.0029,-24.0571],[-46.9978,-24.0521],[-46.988,-24.0594],[-46.982,-24.0582],[-46.9809,-24.0619],[-46.9762,-24.0643],[-46.9816,-24.0704],[-46.9834,-24.0763],[-46.9817,-24.0797],[-46.978,-24.0818],[-46.9786,-24.0865],[-46.9732,-24.0906],[-46.9697,-24.0913],[-46.9688,-24.0952],[-46.9694,-24.1035],[-46.9681,-24.1075],[-46.9718,-24.1105],[-46.9716,-24.1128],[-46.9745,-24.1151],[-46.9784,-24.1227],[-46.9838,-24.1229],[-46.9862,-24.1251],[-46.9875,-24.1228],[-46.9919,-24.122],[-47.0054,-24.1277],[-47.0102,-24.1317],[-47.0099,-24.1376],[-47.0131,-24.1412],[-47.0184,-24.1419],[-47.0311,-24.1483],[-47.0338,-24.1472],[-47.031,-24.1576],[-47.0409,-24.1705],[-47.042,-24.1771],[-47.0492,-24.1816],[-47.0544,-24.1817],[-47.0578,-24.185],[-47.0648,-24.1871],[-47.065,-24.1923],[-47.0708,-24.1952],[-47.0672,-24.1976],[-47.0662,-24.2009],[-47.0765,-24.2038],[-47.0787,-24.2103],[-47.0817,-24.2119],[-47.0817,-24.2186],[-47.0855,-24.2175],[-47.0887,-24.2193],[-47.0937,-24.2192],[-47.0963,-24.2163],[-47.0984,-24.2203],[-47.1033,-24.2227],[-47.1043,-24.2253],[-47.115,-24.2217],[-47.1202,-24.2237],[-47.1313,-24.2147],[-47.1265,-24.2079],[-47.1282,-24.205],[-47.1245,-24.2002],[-47.1259,-24.1984],[-47.1238,-24.1959],[-47.1324,-24.1955],[-47.1333,-24.1976],[-47.1424,-24.2024],[-47.1478,-24.208],[-47.1473,-24.2118],[-47.1432,-24.2138],[-47.1453,-24.2157],[-47.1503,-24.2165],[-47.1576,-24.2217],[-47.1666,-24.2228],[-47.172,-24.2211],[-47.1737,-24.225],[-47.1735,-24.2328],[-47.1837,-24.2349],[-47.1867,-24.2393],[-47.1963,-24.2439],[-47.192,-24.2498],[-47.1935,-24.2598],[-47.192,-24.2614],[-47.1971,-24.2688],[-47.1977,-24.2774],[-47.1957,-24.2821],[-47.1921,-24.2833],[-47.2033,-24.2894],[-47.2055,-24.2969],[-47.2042,-24.2987],[-47.2076,-24.3011],[-47.2074,-24.306],[-47.2092,-24.3099],[-47.2063,-24.3247],[-47.2146,-24.328],[-47.2183,-24.3265],[-47.2215,-24.3278],[-47.2254,-24.3259],[-47.2311,-24.328],[-47.2341,-24.3324],[-47.2354,-24.3388],[-47.2387,-24.3412],[-47.238,-24.345],[-47.2393,-24.3473],[-47.2381,-24.3505],[-47.2305,-24.3566],[-47.2308,-24.358],[-47.2327,-24.3607],[-47.2395,-24.3579],[-47.2451,-24.3588],[-47.2465,-24.3613],[-47.2467,-24.3616]]]]}},{"type":"Feature","properties":{"CD_MUN":"3553500","NM_MUN":"Tapiraí"},"geometry":{"type":"MultiPolygon","coordinates":[[[[-47.8633,-24.114],[-47.8565,-24.1031],[-47.8589,-24.0982],[-47.8586,-24.0943],[-47.8615,-24.0896],[-47.8678,-24.0864],[-47.8666,-24.0829],[-47.8678,-24.0768],[-47.8713,-24.0766],[-47.877,-24.0809],[-47.8827,-24.0808],[-47.8899,-24.0779],[-47.8948,-24.0793],[-47.8958,-24.0764],[-47.9,-24.0743],[-47.9036,-24.0745],[-47.907,-24.0687],[-47.9057,-24.0658],[-47.8968,-24.0621],[-47.8951,-24.0621],[-47.8928,-24.0651],[-47.8907,-24.0628],[-47.8849,-24.0634],[-47.8799,-24.0598],[-47.8904,-24.0577],[-47.8905,-24.0525],[-47.8887,-24.0484],[-47.8788,-24.052],[-47.8723,-24.0497],[-47.8713,-24.0458],[-47.8683,-24.0437],[-47.8702,-24.0397],[-47.869,-24.0293],[-47.8633,-24.0334],[-47.8609,-24.0311],[-47.8598,-24.0244],[-47.8529,-24.023],[-47.853,-24.0178],[-47.8576,-24.0167],[-47.8574,-24.0123],[-47.8601,-24.0107],[-47.8631,-24.0047],[-47.8604,-24.0003],[-47.8564,-23.998],[-47.8543,-23.9947],[-47.8438,-23.9894],[-47.8345,-23.9883],[-47.8316,-23.9898],[-47.8247,-23.9865],[-47.8201,-23.9754],[-47.8137,-23.9701],[-47.8146,-23.9584],[-47.8122,-23.9587],[-47.8114,-23.9539],[-47.8072,-23.9518],[-47.8011,-23.9531],[-47.8025,-23.9607],[-47.8049,-23.9635],[-47.7969,-23.9697],[-47.7963,-23.9781],[-47.7845,-23.9866],[-47.7775,-23.989],[-47.7704,-23.9841],[-47.7667,-23.9836],[-47.7588,-23.9893],[-47.7585,-23.9906],[-47.7604,-23.9914],[-47.7576,-23.9948],[-47.7416,-23.9876],[-47.7354,-23.995],[-47.7291,-23.9978],[-47.7254,-24.0017],[-47.7182,-24.0038],[-47.7186,-24.0092],[-47.7118,-24.0057],[-47.7127,-24.001],[-47.716,-23.9989],[-47.7101,-23.9942],[-47.7115,-23.9921],[-47.7017,-23.9886],[-47.6998,-23.9917],[-47.6964,-23.9932],[-47.6925,-23.9921],[-47.6889,-23.9942],[-47.6839,-23.9925],[-47.6814,-23.9874],[-47.6733,-23.9849],[-47.6625,-23.9734],[-47.6657,-23.9687],[-47.6717,-23.9664],[-47.6695,-23.9618],[-47.6665,-23.9595],[-47.6655,-23.9648],[-47.6585,-23.9664],[-47.6526,-23.9577],[-47.6503,-23.9582],[-47.6464,-23.9641],[-47.6447,-23.9602],[-47.6372,-23.9585],[-47.6334,-23.9565],[-47.6331,-23.954],[-47.6284,-23.9531],[-47.627,-23.9408],[-47.6304,-23.9358],[-47.6226,-23.9364],[-47.6163,-23.9294],[-47.6112,-23.9273],[-47.6085,-23.9202],[-47.6115,-23.916],[-47.6067,-23.9159],[-47.6008,-23.9082],[-47.596,-23.9077],[-47.5936,-23.9047],[-47.5974,-23.9016],[-47.6035,-23.9015],[-47.6079,-23.8973],[-47.6125,-23.8963],[-47.614,-23.8945],[-47.6138,-23.8914],[-47.6067,-23.881],[-47.6068,-23.8753],[-47.6093,-23.8749],[-47.6092,-23.8705],[-47.6088,-23.8682],[-47.6055,-23.8665],[-47.5833,-23.8691],[-47.5798,-23.8671],[-47.5798,-23.863],[-47.5775,-23.8621],[-47.5674,-23.865],[-47.5588,-23.8704],[-47.555,-23.8669],[-47.5524,-23.8699],[-47.5416,-23.8673],[-47.5395,-23.8688],[-47.5407,-23.8722],[-47.5334,-23.8738],[-47.5346,-23.8783],[-47.5322,-23.8814],[-47.529,-23.892],[-47.5265,-23.8924],[-47.5253,-23.891],[-47.5237,-23.8922],[-47.523,-23.8965],[-47.5184,-23.8959],[-47.5162,-23.8985],[-47.5138,-23.8978],[-47.5118,-23.8917],[-47.5062,-23.8941],[-47.5051,-23.8966],[-47.5034,-23.8958],[-47.5,-23.8977],[-47.4954,-23.8947],[-47.4857,-23.8943],[-47.4837,-23.8975],[-47.4775,-23.899],[-47.4736,-23.8981],[-47.4719,-23.9009],[-47.4673,-23.8997],[-47.465,-23.8973],[-47.4634,-23.8985],[-47.4607,-23.894],[-47.4565,-23.8934],[-47.454,-23.8956],[-47.4585,-23.9013],[-47.4564,-23.905],[-47.4525,-23.9036],[-47.4494,-23.9045],[-47.4406,-23.9011],[-47.4357,-23.9016],[-47.4317,-23.905],[-47.4358,-23.9084],[-47.4377,-23.9145],[-47.4362,-23.9226],[-47.4333,-23.9258],[-47.436,-23.9317],[-47.4305,-23.9392],[-47.4249,-23.9409],[-47.4239,-23.943],[-47.4252,-23.9454],[-47.4321,-23.9474],[-47.4402,-23.9536],[-47.434,-23.9591],[-47.4322,-23.9674],[-47.4211,-23.9618],[-47.4073,-23.9659],[-47.4024,-23.9699],[-47.399,-23.9755],[-47.394,-23.9772],[-47.3929,-23.9811],[-47.3896,-23.9815],[-47.3865,-23.9845],[-47.3828,-23.9899],[-47.386,-23.9954],[-47.3781,-23.9989],[-47.3709,-23.9967],[-47.3691,-23.9991],[-47.3707,-24.0007],[-47.3701,-24.0055],[-47.3727,-24.006],[-47.3726,-24.0088],[-47.3683,-24.0092],[-47.369,-24.0074],[-47.3629,-24.0068],[-47.3628,-24.0094],[-47.365,-24.0108],[-47.3638,-24.0133],[-47.3604,-24.0172],[-47.3549,-24.0198],[-47.3563,-24.0225],[-47.3558,-24.0288],[-47.3629,-24.0314],[-47.3682,-24.0379],[-47.3682,-24.0423],[-47.37,-24.0431],[-47.3718,-24.0412],[-47.373,-24.045],[-47.3769,-24.0481],[-47.3858,-24.0493],[-47.3883,-24.0542],[-47.4153,-24.0608],[-47.4167,-24.0618],[-47.4169,-24.0656],[-47.4206,-24.0677],[-47.4229,-24.0662],[-47.4254,-24.0684],[-47.4379,-24.0561],[-47.4479,-24.0526],[-47.449,-24.05],[-47.4523,-24.0514],[-47.4565,-24.0575],[-47.4598,-24.0574],[-47.4627,-24.0595],[-47.4639,-24.0657],[-47.4622,-24.0689],[-47.4649,-24.0759],[-47.4733,-24.078],[-47.4773,-24.0813],[-47.4793,-24.0785],[-47.4809,-24.0787],[-47.4801,-24.0764],[-47.4823,-24.0745],[-47.4922,-24.0702],[-47.4947,-24.066],[-47.4929,-24.0619],[-47.4938,-24.0587],[-47.4957,-24.059],[-47.4988,-24.0529],[-47.5035,-24.0495],[-47.5088,-24.0489],[-47.5123,-24.0464],[-47.5302,-24.0464],[-47.5319,-24.0437],[-47.5394,-24.042],[-47.5394,-24.0389],[-47.543,-24.0372],[-47.5537,-24.0369],[-47.5544,-24.0404],[-47.5622,-24.0391],[-47.5625,-24.0494],[-47.5641,-24.0566],[-47.5678,-24.0625],[-47.5668,-24.0694],[-47.5705,-24.078],[-47.5766,-24.078],[-47.5813,-24.0747],[-47.584,-24.0763],[-47.5851,-24.0798],[-47.5892,-24.0821],[-47.5919,-24.0884],[-47.5941,-24.0854],[-47.5934,-24.0819],[-47.596,-24.0798],[-47.5955,-24.0825],[-47.5975,-24.0856],[-47.611,-24.0959],[-47.6125,-24.1006],[-47.616,-24.1038],[-47.6214,-24.106],[-47.6231,-24.112],[-47.6285,-24.114],[-47.6339,-24.1129],[-47.6338,-24.1028],[-47.636,-24.1005],[-47.6302,-24.0876],[-47.6287,-24.0774],[-47.6303,-24.0757],[-47.6247,-24.0717],[-47.6241,-24.0697],[-47.6203,-24.0683],[-47.6219,-24.0641],[-47.6155,-24.0596],[-47.6136,-24.0522],[-47.6155,-24.0492],[-47.6138,-24.0447],[-47.623,-24.0414],[-47.6253,-24.0381],[-47.624,-24.0354],[-47.6256,-24.0343],[-47.6281,-24.035],[-47.6286,-24.0367],[-47.6371,-24.0383],[-47.6379,-24.0438],[-47.6409,-24.0395],[-47.6453,-24.0421],[-47.6493,-24.0411],[-47.6533,-24.0447],[-47.661,-24.0404],[-47.6735,-24.0413],[-47.6762,-24.0451],[-47.6803,-24.0453],[-47.684,-24.0505],[-47.6851,-24.0566],[-47.6895,-24.0594],[-47.7017,-24.0732],[-47.7047,-24.0739],[-47.709,-24.0716],[-47.72,-24.0792],[-47.7239,-24.0798],[-47.7258,-24.0821],[-47.7257,-24.0896],[-47.734,-24.0981],[-47.7358,-24.103],[-47.7341,-24.1055],[-47.7238,-24.1062],[-47.7259,-24.1106],[-47.722,-24.1134],[-47.7242,-24.1152],[-47.7247,-24.1181],[-47.7276,-24.1183],[-47.7362,-24.125],[-47.745,-24.121],[-47.7519,-24.1235],[-47.7584,-24.1307],[-47.7694,-24.1321],[-47.7727,-24.1344],[-47.7757,-24.1277],[-47.7788,-24.1299],[-47.787,-24.1302],[-47.7894,-24.1338],[-47.7925,-24.1351],[-47.7994,-24.1339],[-47.8018,-24.135],[-47.8096,-24.1307],[-47.8169,-24.1337],[-47.8214,-24.1325],[-47.8262,-24.1338],[-47.8303,-24.1306],[-47.8312,-24.1282],[-47.83,-24.1235],[-47.8336,-24.1206],[-47.8385,-24.1191],[-47.8461,-24.1197],[-47.8509,-24.1167],[-47.8518,-24.1201],[-47.8577,-24.123],[-47.8628,-24.1165],[-47.8633,-24.114]]]]}},{"type":"Feature","properties":{"CD_MUN":"3520301","NM_MUN":"Iguape"},"geometry":{"type":"MultiPolygon","coordinates":[[[[-47.7488,-24.8325],[-47.7465,-24.8376],[-47.7501,-24.8416],[-47.7569,-24.8409],[-47.7566,-24.836],[-47.7633,-24.8331],[-47.7651,-24.835],[-47.7622,-24.8373],[-47.7653,-24.8376],[-47.7681,-24.8406],[-47.772,-24.8395],[-47.7697,-24.8421],[-47.7705,-24.8455],[-47.7733,-24.8423],[-47.7747,-24.8431],[-47.7745,-24.8469],[-47.7785,-24.8462],[-47.7794,-24.8417],[-47.7766,-24.836],[-47.778,-24.8347],[-47.779,-24.8357],[-47.7829,-24.8319],[-47.7828,-24.8285],[-47.7795,-24.829],[-47.7797,-24.8267],[-47.7756,-24.8219],[-47.7737,-24.8163],[-47.7789,-24.8103],[-47.7784,-24.808],[-47.7817,-24.8016],[-47.7927,-24.7992],[-47.7925,-24.7966],[-47.7954,-24.7944],[-47.7992,-24.7944],[-47.8024,-24.79],[-47.8068,-24.7915],[-47.81,-24.7898],[-47.8111,-24.7851],[-47.8214,-24.7781],[-47.8244,-24.7711],[-47.829,-24.7673],[-47.8303,-24.7564],[-47.8167,-24.7652],[-47.8147,-24.7693],[-47.8064,-24.7673],[-47.8039,-24.7524],[-47.7972,-24.7397],[-47.7964,-24.7328],[-47.7938,-24.7314],[-47.7937,-24.7282],[-47.7815,-24.716],[-47.7789,-24.715],[-47.7772,-24.7166],[-47.7749,-24.7156],[-47.7729,-24.7167],[-47.7717,-24.7142],[-47.7732,-24.7122],[-47.7706,-24.7119],[-47.7665,-24.7081],[-47.7714,-24.7043],[-47.7727,-24.7009],[-47.772,-24.6976],[-47.7691,-24.6964],[-47.7688,-24.6933],[-47.7658,-24.692],[-47.768,-24.6886],[-47.769,-24.6821],[-47.7651,-24.6776],[-47.7608,-24.6683],[-47.7552,-24.6638],[-47.7495,-24.6621],[-47.748,-24.6596],[-47.746,-24.6526],[-47.7477,-24.6518],[-47.747,-24.6415],[-47.7437,-24.636],[-47.735,-24.6328],[-47.7277,-24.6221],[-47.7134,-24.6155],[-47.7128,-24.6053],[-47.7101,-24.602],[-47.7056,-24.6005],[-47.7006,-24.6038],[-47.6945,-24.6032],[-47.6923,-24.5846],[-47.6864,-24.5801],[-47.6853,-24.5763],[-47.6853,-24.572],[-47.6887,-24.5639],[-47.6854,-24.5508],[-47.6438,-24.523],[-47.6395,-24.5182],[-47.6308,-24.5176],[-47.6269,-24.5145],[-47.6277,-24.5096],[-47.6324,-24.5002],[-47.6454,-24.4935],[-47.6454,-24.4872],[-47.6421,-24.4816],[-47.6441,-24.4781],[-47.6442,-24.4712],[-47.6394,-24.4618],[-47.6433,-24.4546],[-47.6423,-24.4527],[-47.6481,-24.4451],[-47.6544,-24.4284],[-47.6607,-24.4246],[-47.6677,-24.4081],[-47.6731,-24.3991],[-47.6758,-24.3975],[-47.6795,-24.3895],[-47.6801,-24.3834],[-47.6825,-24.3821],[-47.6836,-24.3791],[-47.6758,-24.3776],[-47.6718,-24.3807],[-47.6671,-24.3794],[-47.6587,-24.3805],[-47.6529,-24.3775],[-47.647,-24.3785],[-47.6431,-24.3748],[-47.6263,-24.3719],[-47.6218,-24.368],[-47.6167,-24.3718],[-47.5996,-24.3748],[-47.5886,-24.3721],[-47.5873,-24.3685],[-47.5828,-24.3665],[-47.5766,-24.3673],[-47.5732,-24.3696],[-47.5688,-24.3665],[-47.5607,-24.3657],[-47.5606,-24.3684],[-47.5514,-24.37],[-47.5438,-24.3595],[-47.5378,-24.3573],[-47.5269,-24.364],[-47.5047,-24.367],[-47.5079,-24.3742],[-47.5057,-24.3765],[-47.4974,-24.3756],[-47.4938,-24.3723],[-47.484,-24.3682],[-47.4799,-24.3694],[-47.4725,-24.3685],[-47.4688,-24.3716],[-47.4629,-24.3734],[-47.4623,-24.3762],[-47.4656,-24.3794],[-47.4651,-24.3808],[-47.4556,-24.3843],[-47.4517,-24.3839],[-47.4511,-24.388],[-47.448,-24.3888],[-47.4403,-24.389],[-47.4357,-24.3875],[-47.43,-24.3814],[-47.4305,-24.3787],[-47.4248,-24.3749],[-47.4179,-24.3762],[-47.4148,-24.375],[-47.4141,-24.3774],[-47.4052,-24.3793],[-47.4037,-24.3824],[-47.4003,-24.3825],[-47.3982,-24.3854],[-47.3714,-24.3854],[-47.3664,-24.3846],[-47.3657,-24.382],[-47.3614,-24.3784],[-47.3621,-24.3754],[-47.3591,-24.3749],[-47.3599,-24.3708],[-47.3496,-24.37],[-47.3434,-24.3653],[-47.3406,-24.365],[-47.3397,-24.3598],[-47.3371,-24.3563],[-47.338,-24.3527],[-47.3368,-24.35],[-47.3295,-24.3494],[-47.3286,-24.3479],[-47.3243,-24.3471],[-47.3192,-24.3424],[-47.3208,-24.3379],[-47.3157,-24.3364],[-47.3091,-24.3385],[-47.3041,-24.3423],[-47.3044,-24.3436],[-47.3122,-24.3454],[-47.3107,-24.3488],[-47.3068,-24.3509],[-47.3127,-24.3517],[-47.311,-24.3543],[-47.3086,-24.3549],[-47.3089,-24.3574],[-47.3051,-24.356],[-47.3003,-24.3599],[-47.2936,-24.36],[-47.2891,-24.3579],[-47.2833,-24.3595],[-47.2767,-24.356],[-47.2715,-24.3563],[-47.2645,-24.3595],[-47.261,-24.3589],[-47.2471,-24.3617],[-47.2487,-24.3661],[-47.2471,-24.3687],[-47.2479,-24.3734],[-47.2369,-24.3737],[-47.2349,-24.3748],[-47.2344,-24.3773],[-47.2201,-24.3747],[-47.2204,-24.3717],[-47.2175,-24.3697],[-47.2095,-24.3717],[-47.2059,-24.3695],[-47.2007,-24.3699],[-47.1977,-24.3679],[-47.1985,-24.3649],[-47.1926,-24.3623],[-47.1883,-24.3661],[-47.1882,-24.3684],[-47.1858,-24.3686],[-47.1851,-24.3737],[-47.1818,-24.375],[-47.1785,-24.3738],[-47.1753,-24.3697],[-47.1748,-24.3664],[-47.1725,-24.3649],[-47.1685,-24.3661],[-47.1646,-24.3645],[-47.1625,-24.3666],[-47.1541,-24.3686],[-47.1481,-24.3634],[-47.1463,-24.365],[-47.1385,-24.3657],[-47.1317,-24.3617],[-47.1288,-24.3659],[-47.1204,-24.3652],[-47.1142,-24.3717],[-47.1162,-24.3792],[-47.1109,-24.3827],[-47.1126,-24.3867],[-47.1006,-24.3915],[-47.1124,-24.3998],[-47.1137,-24.4104],[-47.1166,-24.4128],[-47.1176,-24.4178],[-47.1148,-24.4194],[-47.1116,-24.4262],[-47.108,-24.4269],[-47.1081,-24.4298],[-47.102,-24.4333],[-47.0929,-24.4355],[-47.086,-24.4305],[-47.0817,-24.4335],[-47.0807,-24.4384],[-47.0783,-24.4414],[-47.0779,-24.4482],[-47.1213,-24.4759],[-47.1733,-24.5142],[-47.1877,-24.5273],[-47.1885,-24.5298],[-47.1862,-24.5326],[-47.189,-24.5361],[-47.1937,-24.5357],[-47.2006,-24.5396],[-47.2207,-24.5537],[-47.2279,-24.5605],[-47.2242,-24.5669],[-47.227,-24.5713],[-47.2363,-24.5713],[-47.242,-24.575],[-47.2443,-24.5737],[-47.2809,-24.5938],[-47.3753,-24.6501],[-47.4052,-24.6729],[-47.4153,-24.6756],[-47.417,-24.6725],[-47.4314,-24.6738],[-47.4385,-24.6792],[-47.4408,-24.6791],[-47.4555,-24.6953],[-47.4742,-24.7046],[-47.4871,-24.7058],[-47.5078,-24.7003],[-47.5411,-24.7064],[-47.5513,-24.7218],[-47.5693,-24.7329],[-47.5835,-24.7392],[-47.591,-24.7473],[-47.6057,-24.7516],[-47.6165,-24.7585],[-47.6283,-24.7635],[-47.6392,-24.7745],[-47.6452,-24.777],[-47.6686,-24.7947],[-47.6859,-24.8141],[-47.7197,-24.8322],[-47.7344,-24.8357],[-47.7372,-24.8308],[-47.7394,-24.8298],[-47.7485,-24.832],[-47.7488,-24.8325]]]]}},{"type":"Feature","properties":{"CD_MUN":"3520426","NM_MUN":"Ilha Comprida"},"geometry":{"type":"MultiPolygon","coordinates":[[[[-47.8804,-25.0252],[-47.8851,-25.0385],[-47.8869,-25.0513],[-47.913,-25.0531],[-47.9148,-25.0505],[-47.9137,-25.0481],[-47.9159,-25.0478],[-47.9135,-25.0457],[-47.9134,-25.03],[-47.9185,-25.0204],[-47.9181,-25.0156],[-47.9124,-25.0099],[-47.9019,-25.0059],[-47.8978,-25.0017],[-47.8936,-24.99],[-47.8941,-24.983],[-47.8975,-24.9732],[-47.8967,-24.968],[-47.8937,-24.9642],[-47.8872,-24.9615],[-47.8788,-24.9671],[-47.8723,-24.9682],[-47.8662,-24.9658],[-47.8609,-24.9609],[-47.8548,-24.9471],[-47.8529,-24.9398],[-47.8534,-24.9379],[-47.8555,-24.9382],[-47.8553,-24.9368],[-47.8409,-24.9259],[-47.8371,-24.9261],[-47.8368,-24.9244],[-47.8347,-24.9254],[-47.8291,-24.921],[-47.8273,-24.916],[-47.8277,-24.912],[-47.8316,-24.9088],[-47.8391,-24.908],[-47.8396,-24.9048],[-47.8379,-24.9037],[-47.8314,-24.9051],[-47.819,-24.9124],[-47.8135,-24.9125],[-47.8067,-24.9097],[-47.8033,-24.9052],[-47.8027,-24.8914],[-47.7893,-24.8834],[-47.7759,-24.8783],[-47.7628,-24.8598],[-47.7658,-24.8621],[-47.7648,-24.8588],[-47.747,-24.8516],[-47.7395,-24.8438],[-47.7356,-24.8363],[-47.7145,-24.8303],[-47.6927,-24.8167],[-47.6859,-24.8141],[-47.6686,-24.7947],[-47.6452,-24.777],[-47.6392,-24.7745],[-47.6283,-24.7635],[-47.6165,-24.7585],[-47.6057,-24.7516],[-47.591,-24.7473],[-47.5835,-24.7392],[-47.5693,-24.7329],[-47.5513,-24.7218],[-47.5411,-24.7064],[-47.5078,-24.7003],[-47.4871,-24.7058],[-47.4742,-24.7046],[-47.4555,-24.6953],[-47.4408,-24.6791],[-47.4385,-24.6792],[-47.4314,-24.6738],[-47.417,-24.6725],[-47.4153,-24.6756],[-47.4203,-24.6783],[-47.421,-24.6823],[-47.4248,-24.6851],[-47.5104,-24.729],[-47.5626,-24.7589],[-47.623,-24.7991],[-47.6915,-24.85],[-47.7593,-24.903],[-47.8219,-24.9559],[-47.8544,-24.9895],[-47.8784,-25.0217],[-47.8804,-25.0252]]]]}},{"type":"Feature","properties":{"CD_MUN":"3536208","NM_MUN":"Pariquera-Açu"},"geometry":{"type":"MultiPolygon","coordinates":[[[[-47.8247,-24.7605],[-47.826,-24.7583],[-47.8307,-24.7563],[-47.8342,-24.7596],[-47.843,-24.7618],[-47.853,-24.768],[-47.8496,-24.7718],[-47.8496,-24.7787],[-47.8468,-24.7843],[-47.8508,-24.7878],[-47.8565,-24.7885],[-47.8646,-24.7932],[-47.8671,-24.7966],[-47.8656,-24.7994],[-47.8798,-24.794],[-47.8861,-24.7864],[-47.89,-24.7871],[-47.8922,-24.7753],[-47.9005,-24.7768],[-47.9064,-24.7729],[-47.9172,-24.7772],[-47.9286,-24.7742],[-47.9369,-24.7679],[-47.9423,-24.7678],[-47.9508,-24.7608],[-47.9604,-24.744],[-47.9629,-24.7423],[-47.9632,-24.7385],[-47.9583,-24.733],[-47.9599,-24.7278],[-47.9584,-24.7258],[-47.9643,-24.7213],[-47.9642,-24.7197],[-47.9621,-24.7176],[-47.9575,-24.7178],[-47.9558,-24.7137],[-47.9567,-24.7102],[-47.9533,-24.7087],[-47.9535,-24.6964],[-47.9412,-24.696],[-47.9383,-24.6903],[-47.9371,-24.6825],[-47.9277,-24.6755],[-47.9259,-24.6664],[-47.927,-24.6645],[-47.9251,-24.6614],[-47.9259,-24.6483],[-47.9197,-24.6432],[-47.9169,-24.6362],[-47.9155,-24.6311],[-47.9182,-24.6275],[-47.9156,-24.6203],[-47.9132,-24.6219],[-47.909,-24.6198],[-47.9105,-24.6179],[-47.9054,-24.6169],[-47.906,-24.6135],[-47.9033,-24.6153],[-47.9045,-24.6122],[-47.9018,-24.6126],[-47.8981,-24.6101],[-47.9,-24.6094],[-47.8942,-24.6056],[-47.8923,-24.6008],[-47.8899,-24.5994],[-47.8902,-24.5977],[-47.8847,-24.5917],[-47.882,-24.5916],[-47.8801,-24.5947],[-47.8764,-24.5927],[-47.8747,-24.594],[-47.8726,-24.5919],[-47.8731,-24.5893],[-47.8719,-24.5912],[-47.8689,-24.5895],[-47.8681,-24.5916],[-47.8689,-24.5848],[-47.8709,-24.5836],[-47.8685,-24.5816],[-47.8696,-24.5808],[-47.8602,-24.5784],[-47.8606,-24.5763],[-47.858,-24.5773],[-47.8571,-24.5749],[-47.8538,-24.5757],[-47.8534,-24.5778],[-47.8466,-24.5767],[-47.845,-24.5796],[-47.8421,-24.5775],[-47.8395,-24.5777],[-47.8397,-24.5755],[-47.8376,-24.5773],[-47.8347,-24.577],[-47.8339,-24.5739],[-47.8308,-24.5725],[-47.8305,-24.5748],[-47.827,-24.5719],[-47.8285,-24.5706],[-47.8247,-24.5692],[-47.8208,-24.5706],[-47.8169,-24.5661],[-47.8124,-24.5667],[-47.8126,-24.5685],[-47.81,-24.5696],[-47.8076,-24.5683],[-47.8057,-24.5716],[-47.8009,-24.573],[-47.7966,-24.5714],[-47.7956,-24.5749],[-47.7874,-24.5733],[-47.7891,-24.5751],[-47.7841,-24.5779],[-47.7823,-24.5742],[-47.7784,-24.5743],[-47.7747,-24.5789],[-47.7741,-24.5846],[-47.7716,-24.5862],[-47.7714,-24.5909],[-47.7683,-24.5905],[-47.7655,-24.5937],[-47.758,-24.5976],[-47.7552,-24.6031],[-47.7509,-24.6068],[-47.741,-24.6115],[-47.7423,-24.6144],[-47.7413,-24.6211],[-47.7394,-24.6211],[-47.7392,-24.6179],[-47.7374,-24.6174],[-47.7277,-24.6221],[-47.735,-24.6328],[-47.7436,-24.6359],[-47.747,-24.6415],[-47.7477,-24.6518],[-47.746,-24.6526],[-47.748,-24.6596],[-47.7495,-24.6621],[-47.7552,-24.6638],[-47.7608,-24.6683],[-47.7651,-24.6776],[-47.769,-24.6821],[-47.768,-24.6886],[-47.7658,-24.692],[-47.7688,-24.6933],[-47.7691,-24.6964],[-47.772,-24.6976],[-47.7727,-24.7009],[-47.7714,-24.7043],[-47.7665,-24.7081],[-47.7706,-24.7119],[-47.7732,-24.7122],[-47.7717,-24.7142],[-47.7729,-24.7167],[-47.7749,-24.7156],[-47.7772,-24.7166],[-47.7789,-24.715],[-47.7815,-24.716],[-47.7937,-24.7282],[-47.7938,-24.7314],[-47.7964,-24.7328],[-47.7972,-24.7397],[-47.8039,-24.7524],[-47.8064,-24.7673],[-47.8147,-24.7693],[-47.8167,-24.7652],[-47.8246,-24.7606],[-47.8247,-24.7605]]]]}},{"type":"Feature","properties":{"CD_MUN":"3502705","NM_MUN":"Apiaí"},"geometry":{"type":"MultiPolygon","coordinates":[[[[-48.7251,-24.5194],[-48.7274,-24.522],[-48.7279,-24.5276],[-48.7533,-24.5404],[-48.7607,-24.5466],[-48.7651,-24.5469],[-48.7701,-24.5507],[-48.7776,-24.5524],[-48.7796,-24.5563],[-48.7985,-24.5599],[-48.8096,-24.5648],[-48.8144,-24.564],[-48.8518,-24.5792],[-48.8645,-24.5785],[-48.8704,-24.5821],[-48.8771,-24.5827],[-48.8841,-24.5858],[-48.8942,-24.5846],[-48.895,-24.5834],[-48.8873,-24.5791],[-48.8806,-24.5566],[-48.8817,-24.5532],[-48.8859,-24.552],[-48.8915,-24.5548],[-48.8966,-24.5521],[-48.9013,-24.5565],[-48.9032,-24.5564],[-48.9077,-24.5538],[-48.9133,-24.5542],[-48.9151,-24.5497],[-48.9182,-24.5481],[-48.9592,-24.5378],[-48.968,-24.5391],[-48.9687,-24.537],[-48.9786,-24.5349],[-48.9801,-24.5332],[-48.9824,-24.5269],[-48.9805,-24.521],[-48.9838,-24.5179],[-48.9845,-24.5137],[-48.9721,-24.5054],[-48.9722,-24.5023],[-48.9652,-24.5005],[-48.9578,-24.4947],[-48.9544,-24.4951],[-48.9508,-24.4923],[-48.9501,-24.4897],[-48.9417,-24.4851],[-48.9471,-24.4747],[-48.9448,-24.4695],[-48.9447,-24.4645],[-48.9481,-24.465],[-48.9509,-24.4578],[-48.9482,-24.4554],[-48.9487,-24.4531],[-48.9606,-24.4547],[-48.9641,-24.4503],[-48.9678,-24.4499],[-48.971,-24.4328],[-48.9756,-24.429],[-48.9804,-24.4294],[-48.985,-24.4348],[-48.9885,-24.4336],[-48.9929,-24.4363],[-48.9965,-24.4364],[-49.0032,-24.4408],[-49.0074,-24.4403],[-49.0112,-24.4359],[-49.0102,-24.4307],[-49.0151,-24.4271],[-49.0121,-24.4205],[-49.0123,-24.4171],[-49.0084,-24.4155],[-49.0075,-24.4103],[-49.0049,-24.4083],[-49.0052,-24.4066],[-49.0011,-24.4059],[-48.9989,-24.3995],[-49.0028,-24.3902],[-49.0009,-24.3854],[-49.0041,-24.3829],[-49.0043,-24.3759],[-48.9994,-24.3708],[-49.0038,-24.3619],[-49.0087,-24.3604],[-49.012,-24.3568],[-49.0127,-24.3641],[-49.0196,-24.3674],[-49.0232,-24.3759],[-49.0339,-24.3767],[-49.0366,-24.3813],[-49.0406,-24.3774],[-49.0437,-24.3767],[-49.0497,-24.3794],[-49.0581,-24.3752],[-49.059,-24.3704],[-49.0633,-24.3692],[-49.0645,-24.3656],[-49.0683,-24.3646],[-49.0712,-24.3659],[-49.0728,-24.3606],[-49.0799,-24.3598],[-49.0793,-24.3568],[-49.087,-24.3518],[-49.0904,-24.3446],[-49.0976,-24.3445],[-49.103,-24.3355],[-49.1085,-24.3362],[-49.1199,-24.3301],[-49.1099,-24.3199],[-49.1002,-24.3223],[-49.0933,-24.3185],[-49.089,-24.3121],[-49.086,-24.3124],[-49.0846,-24.3074],[-49.0783,-24.299],[-49.08,-24.2961],[-49.0772,-24.295],[-49.077,-24.2894],[-49.0749,-24.2849],[-49.0771,-24.2831],[-49.0795,-24.2834],[-49.0813,-24.281],[-49.0885,-24.2806],[-49.0857,-24.2767],[-49.0845,-24.2707],[-49.0867,-24.2702],[-49.0877,-24.2677],[-49.0882,-24.2696],[-49.091,-24.2697],[-49.0939,-24.2649],[-49.096,-24.266],[-49.1013,-24.254],[-49.104,-24.2537],[-49.1077,-24.25],[-49.1045,-24.2501],[-49.0999,-24.2534],[-49.0921,-24.2536],[-49.0806,-24.2569],[-49.0782,-24.2527],[-49.061,-24.243],[-49.0557,-24.2453],[-49.0537,-24.2497],[-49.0503,-24.2505],[-49.0452,-24.258],[-49.038,-24.2578],[-49.0365,-24.2618],[-49.0271,-24.2666],[-49.0247,-24.2707],[-49.0247,-24.2758],[-49.0221,-24.2756],[-49.0223,-24.2798],[-49.0194,-24.2814],[-49.0191,-24.288],[-49.0119,-24.2911],[-49.0103,-24.2942],[-49.0059,-24.2947],[-49.0025,-24.2982],[-48.9999,-24.3016],[-48.9982,-24.3104],[-48.9936,-24.3132],[-48.987,-24.3123],[-48.987,-24.3245],[-48.9827,-24.3292],[-48.9813,-24.3368],[-48.9827,-24.3401],[-48.9802,-24.3467],[-48.9769,-24.3482],[-48.9722,-24.3464],[-48.9674,-24.3507],[-48.9636,-24.3453],[-48.962,-24.3384],[-48.9599,-24.3357],[-48.9574,-24.3355],[-48.9532,-24.3296],[-48.8835,-24.3306],[-48.8859,-24.3335],[-48.8852,-24.3351],[-48.8828,-24.3364],[-48.8819,-24.3352],[-48.8791,-24.3378],[-48.8761,-24.3375],[-48.8726,-24.3403],[-48.8709,-24.3396],[-48.8702,-24.3423],[-48.8657,-24.3438],[-48.8655,-24.3474],[-48.8641,-24.3481],[-48.853,-24.3447],[-48.8489,-24.347],[-48.8482,-24.3455],[-48.843,-24.3448],[-48.8385,-24.3402],[-48.8361,-24.3415],[-48.8337,-24.3463],[-48.8268,-24.3496],[-48.8284,-24.3459],[-48.8275,-24.345],[-48.8183,-24.3448],[-48.815,-24.3477],[-48.8147,-24.3511],[-48.797,-24.361],[-48.7943,-24.3605],[-48.7938,-24.3618],[-48.7864,-24.3593],[-48.7835,-24.3601],[-48.7818,-24.3575],[-48.7753,-24.3619],[-48.7725,-24.3607],[-48.7708,-24.3611],[-48.7705,-24.3632],[-48.7672,-24.3623],[-48.7619,-24.3666],[-48.7612,-24.3739],[-48.7569,-24.3748],[-48.7518,-24.3698],[-48.7481,-24.3706],[-48.7477,-24.3752],[-48.7459,-24.3766],[-48.743,-24.3766],[-48.7384,-24.3739],[-48.738,-24.3722],[-48.7333,-24.379],[-48.7344,-24.382],[-48.7329,-24.3815],[-48.7306,-24.3889],[-48.7282,-24.3883],[-48.7232,-24.3922],[-48.7145,-24.3829],[-48.7109,-24.382],[-48.6967,-24.3831],[-48.6899,-24.3917],[-48.6838,-24.3892],[-48.6752,-24.3924],[-48.667,-24.3894],[-48.666,-24.3854],[-48.6628,-24.3842],[-48.6654,-24.3815],[-48.6654,-24.3787],[-48.6725,-24.3756],[-48.6755,-24.3718],[-48.6732,-24.3634],[-48.6712,-24.3612],[-48.6712,-24.3559],[-48.6664,-24.3524],[-48.6622,-24.3531],[-48.661,-24.3489],[-48.653,-24.3437],[-48.6464,-24.3359],[-48.6451,-24.332],[-48.6421,-24.3305],[-48.6375,-24.3351],[-48.6335,-24.3363],[-48.6274,-24.3336],[-48.6269,-24.3305],[-48.625,-24.3299],[-48.6218,-24.3307],[-48.6215,-24.334],[-48.6183,-24.336],[-48.6167,-24.335],[-48.6136,-24.3364],[-48.6054,-24.332],[-48.608,-24.3387],[-48.6021,-24.3403],[-48.5987,-24.3396],[-48.5937,-24.3426],[-48.5848,-24.3395],[-48.5784,-24.3328],[-48.5773,-24.3378],[-48.5676,-24.3364],[-48.5642,-24.34],[-48.5613,-24.3408],[-48.5441,-24.3342],[-48.539,-24.3405],[-48.54,-24.3435],[-48.5387,-24.3459],[-48.5356,-24.3475],[-48.523,-24.3404],[-48.5136,-24.3383],[-48.5016,-24.3483],[-48.5053,-24.3556],[-48.5027,-24.3597],[-48.497,-24.3623],[-48.493,-24.3695],[-48.4907,-24.37],[-48.4924,-24.373],[-48.4921,-24.3775],[-48.4899,-24.3771],[-48.4933,-24.3815],[-48.4931,-24.3844],[-48.4949,-24.3852],[-48.4933,-24.3875],[-48.4976,-24.3896],[-48.5027,-24.3871],[-48.5049,-24.3908],[-48.5043,-24.3961],[-48.5079,-24.3943],[-48.5087,-24.3954],[-48.5073,-24.3967],[-48.5111,-24.4004],[-48.5101,-24.4013],[-48.5111,-24.4028],[-48.5169,-24.4021],[-48.5192,-24.4056],[-48.5177,-24.4075],[-48.5207,-24.4069],[-48.5228,-24.4115],[-48.519,-24.4151],[-48.5208,-24.4165],[-48.5202,-24.4179],[-48.5163,-24.4196],[-48.5174,-24.4206],[-48.5244,-24.4217],[-48.525,-24.4251],[-48.53,-24.4299],[-48.5335,-24.4308],[-48.5359,-24.4344],[-48.5404,-24.4346],[-48.5496,-24.4405],[-48.5549,-24.4385],[-48.5605,-24.439],[-48.5634,-24.4364],[-48.5735,-24.4338],[-48.5781,-24.4358],[-48.5779,-24.4375],[-48.5809,-24.438],[-48.5867,-24.4348],[-48.594,-24.4427],[-48.6013,-24.4446],[-48.6132,-24.4531],[-48.6146,-24.4579],[-48.6175,-24.4506],[-48.6164,-24.4463],[-48.6181,-24.443],[-48.6213,-24.4403],[-48.6303,-24.4372],[-48.6302,-24.4429],[-48.632,-24.4466],[-48.6287,-24.45],[-48.6316,-24.4578],[-48.6356,-24.4571],[-48.6452,-24.4596],[-48.6504,-24.4572],[-48.6503,-24.4556],[-48.6546,-24.4561],[-48.6564,-24.4607],[-48.6742,-24.4744],[-48.6746,-24.4784],[-48.6701,-24.4766],[-48.6668,-24.4786],[-48.6692,-24.4829],[-48.6724,-24.4849],[-48.6729,-24.488],[-48.6821,-24.4933],[-48.6878,-24.4948],[-48.6876,-24.5004],[-48.689,-24.5015],[-48.6986,-24.5066],[-48.7039,-24.5052],[-48.7039,-24.5088],[-48.7154,-24.5114],[-48.7204,-24.5172],[-48.725,-24.5186],[-48.7251,-24.5194]]]]}},{"type":"Feature","properties":{"CD_MUN":"3551801","NM_MUN":"Sete Barras"},"geometry":{"type":"MultiPolygon","coordinates":[[[[-47.9999,-24.5145],[-48.0017,-24.5133],[-48.0064,-24.5147],[-48.0093,-24.5104],[-48.0134,-24.5099],[-48.0097,-24.5059],[-48.0097,-24.502],[-48.0062,-24.4983],[-48.0043,-24.4912],[-48.0049,-24.4871],[-48.0091,-24.4808],[-48.0042,-24.4782],[-48.0014,-24.4713],[-48.0065,-24.4679],[-48.009,-24.4637],[-48.0066,-24.4546],[-48.0145,-24.3856],[-48.0141,-24.3782],[-48.0182,-24.378],[-48.0196,-24.3732],[-48.0186,-24.3709],[-48.0252,-24.3713],[-48.0319,-24.3672],[-48.033,-24.3649],[-48.0342,-24.3658],[-48.0359,-24.3627],[-48.0379,-24.364],[-48.04,-24.3628],[-48.0419,-24.3556],[-48.0446,-24.3537],[-48.0427,-24.352],[-48.0471,-24.3507],[-48.044,-24.349],[-48.0461,-24.3474],[-48.0443,-24.347],[-48.0462,-24.3457],[-48.0452,-24.3446],[-48.0484,-24.3419],[-48.0494,-24.3436],[-48.0508,-24.3403],[-48.0526,-24.3418],[-48.0527,-24.3404],[-48.0564,-24.3396],[-48.0542,-24.3385],[-48.0571,-24.3359],[-48.0594,-24.3365],[-48.0618,-24.335],[-48.0613,-24.3332],[-48.0639,-24.3327],[-48.0622,-24.3303],[-48.064,-24.3294],[-48.063,-24.3277],[-48.065,-24.3253],[-48.0671,-24.3261],[-48.0687,-24.3239],[-48.0713,-24.323],[-48.0727,-24.3242],[-48.0732,-24.3227],[-48.0765,-24.322],[-48.0767,-24.3248],[-48.0793,-24.325],[-48.0787,-24.3275],[-48.0824,-24.3254],[-48.086,-24.3275],[-48.0858,-24.3253],[-48.0886,-24.3263],[-48.0897,-24.3223],[-48.0919,-24.3225],[-48.0923,-24.3201],[-48.0954,-24.3179],[-48.0983,-24.3192],[-48.0982,-24.3209],[-48.1048,-24.3202],[-48.1105,-24.323],[-48.1109,-24.3209],[-48.1146,-24.3191],[-48.1142,-24.3179],[-48.1171,-24.3189],[-48.117,-24.3152],[-48.1153,-24.3149],[-48.1162,-24.3143],[-48.1146,-24.3127],[-48.1159,-24.3115],[-48.1152,-24.3089],[-48.1131,-24.3074],[-48.1119,-24.3014],[-48.1098,-24.2976],[-48.1074,-24.297],[-48.1088,-24.2956],[-48.1074,-24.2946],[-48.1091,-24.2885],[-48.1039,-24.2807],[-48.1089,-24.274],[-48.1066,-24.2714],[-48.1116,-24.2701],[-48.1102,-24.2617],[-48.115,-24.2558],[-48.1191,-24.2549],[-48.1144,-24.2437],[-48.1149,-24.2405],[-48.1178,-24.2368],[-48.1232,-24.2347],[-48.1143,-24.2217],[-48.1149,-24.2168],[-48.1138,-24.2157],[-48.1154,-24.2115],[-48.1235,-24.2085],[-48.1239,-24.2062],[-48.133,-24.2041],[-48.1394,-24.1991],[-48.1395,-24.1944],[-48.133,-24.1945],[-48.1252,-24.1974],[-48.118,-24.1948],[-48.1139,-24.1999],[-48.0995,-24.2021],[-48.0943,-24.2011],[-48.0927,-24.1962],[-48.0944,-24.1935],[-48.088,-24.1938],[-48.0847,-24.1912],[-48.0819,-24.1934],[-48.0667,-24.1832],[-48.0627,-24.1823],[-48.0597,-24.1834],[-48.0609,-24.1802],[-48.0575,-24.1762],[-48.0592,-24.1742],[-48.0575,-24.1726],[-48.0584,-24.1651],[-48.0569,-24.1636],[-48.0601,-24.1591],[-48.058,-24.1572],[-48.0507,-24.1567],[-48.0533,-24.1499],[-48.0573,-24.1474],[-48.0516,-24.1426],[-48.051,-24.1387],[-48.0494,-24.1376],[-48.0417,-24.1382],[-48.0359,-24.1354],[-48.0299,-24.1358],[-48.0264,-24.1338],[-48.0242,-24.1347],[-48.0227,-24.1309],[-48.0174,-24.1286],[-48.0126,-24.1302],[-48.0122,-24.135],[-48.0088,-24.1354],[-47.9972,-24.1257],[-47.9895,-24.122],[-47.9866,-24.1166],[-47.9808,-24.1134],[-47.9684,-24.1156],[-47.9578,-24.1154],[-47.9531,-24.1198],[-47.9505,-24.1201],[-47.9465,-24.1175],[-47.9456,-24.1091],[-47.9389,-24.1043],[-47.9382,-24.0995],[-47.9298,-24.1011],[-47.9169,-24.1005],[-47.9056,-24.0932],[-47.9019,-24.0938],[-47.9017,-24.0896],[-47.8969,-24.0849],[-47.8959,-24.0807],[-47.8936,-24.0785],[-47.8899,-24.0779],[-47.8827,-24.0808],[-47.877,-24.0809],[-47.8713,-24.0766],[-47.8685,-24.0762],[-47.8666,-24.0829],[-47.8678,-24.0864],[-47.8615,-24.0896],[-47.8586,-24.0943],[-47.8589,-24.0982],[-47.8567,-24.1021],[-47.857,-24.1046],[-47.8632,-24.1127],[-47.8622,-24.1182],[-47.8596,-24.1196],[-47.8585,-24.1226],[-47.8518,-24.1201],[-47.8509,-24.1167],[-47.8461,-24.1197],[-47.8385,-24.1191],[-47.8336,-24.1206],[-47.83,-24.1235],[-47.8312,-24.1282],[-47.8303,-24.1306],[-47.8262,-24.1338],[-47.8214,-24.1325],[-47.8169,-24.1337],[-47.8096,-24.1307],[-47.8018,-24.135],[-47.7994,-24.1339],[-47.7925,-24.1351],[-47.7894,-24.1338],[-47.787,-24.1302],[-47.7788,-24.1299],[-47.7752,-24.1278],[-47.7724,-24.135],[-47.7731,-24.1384],[-47.7755,-24.1393],[-47.7791,-24.138],[-47.7804,-24.1404],[-47.7797,-24.1525],[-47.7811,-24.1555],[-47.7774,-24.1671],[-47.7796,-24.171],[-47.7782,-24.1748],[-47.781,-24.1819],[-47.7745,-24.188],[-47.7767,-24.1903],[-47.7755,-24.1959],[-47.7771,-24.1973],[-47.7774,-24.2036],[-47.7691,-24.2047],[-47.7652,-24.207],[-47.7677,-24.216],[-47.7628,-24.2212],[-47.7618,-24.225],[-47.7638,-24.2329],[-47.7704,-24.2338],[-47.7705,-24.2367],[-47.7635,-24.2459],[-47.7595,-24.2481],[-47.7597,-24.2521],[-47.7577,-24.2531],[-47.7575,-24.2553],[-47.7603,-24.2581],[-47.7626,-24.2642],[-47.7669,-24.263],[-47.7696,-24.2649],[-47.7702,-24.268],[-47.7773,-24.2702],[-47.7763,-24.2747],[-47.7688,-24.2777],[-47.7727,-24.2854],[-47.7705,-24.2905],[-47.7754,-24.291],[-47.7755,-24.2979],[-47.7827,-24.3041],[-47.7866,-24.3033],[-47.7997,-24.3059],[-47.7999,-24.3098],[-47.8034,-24.3114],[-47.7986,-24.3156],[-47.7935,-24.3258],[-47.7926,-24.3318],[-47.7938,-24.3362],[-47.8008,-24.3455],[-47.8007,-24.3564],[-47.803,-24.3569],[-47.8068,-24.3526],[-47.8084,-24.3529],[-47.8145,-24.3587],[-47.8136,-24.3628],[-47.816,-24.3684],[-47.8182,-24.3669],[-47.821,-24.3691],[-47.8275,-24.3678],[-47.8308,-24.369],[-47.8328,-24.3719],[-47.8353,-24.3644],[-47.8381,-24.3637],[-47.8399,-24.3662],[-47.8368,-24.3719],[-47.8371,-24.3758],[-47.8329,-24.3819],[-47.8337,-24.3869],[-47.8366,-24.3907],[-47.8344,-24.3935],[-47.8337,-24.3988],[-47.8239,-24.4029],[-47.8242,-24.4046],[-47.8314,-24.4097],[-47.8337,-24.4155],[-47.8387,-24.4159],[-47.8398,-24.4194],[-47.8446,-24.4225],[-47.8509,-24.4211],[-47.8575,-24.4233],[-47.8625,-24.4204],[-47.8644,-24.4231],[-47.8686,-24.421],[-47.8738,-24.4236],[-47.8787,-24.4329],[-47.883,-24.4336],[-47.8841,-24.4359],[-47.892,-24.4399],[-47.8929,-24.4445],[-47.899,-24.4528],[-47.9021,-24.4512],[-47.9102,-24.4576],[-47.9131,-24.4629],[-47.9106,-24.4693],[-47.9181,-24.4742],[-47.9225,-24.4731],[-47.9277,-24.4742],[-47.9262,-24.4819],[-47.9305,-24.4825],[-47.9347,-24.48],[-47.9375,-24.4845],[-47.9412,-24.4845],[-47.9518,-24.4909],[-47.9526,-24.4954],[-47.9543,-24.4932],[-47.9582,-24.4926],[-47.9639,-24.4941],[-47.9719,-24.5023],[-47.9769,-24.5029],[-47.9776,-24.5057],[-47.9825,-24.5067],[-47.9857,-24.5104],[-47.9906,-24.5098],[-47.9935,-24.5138],[-47.9989,-24.515],[-47.9999,-24.5145]]]]}}]}